Player,Team,Wk,Run Att,Run Yd,Run TD,Target,Rec,Rec Yd,Rec TD,Opp,Points,Game played,Wk,Run Att,Run Yd,Run TD,Target,Rec,Rec Yd,Rec TD,Opp,Points,Game played,Wk,Run Att,Run Yd,Run TD,Target,Rec,Rec Yd,Rec TD,Opp,Points,Game played,Wk,Run Att,Run Yd,Run TD,Target,Rec,Rec Yd,Rec TD,Opp,Points,Game played,Wk,Run Att,Run Yd,Run TD,Target,Rec,Rec Yd,Rec TD,Opp,Points,Game played,Wk,Run Att,Run Yd,Run TD,Target,Rec,Rec Yd,Rec TD,Opp,Points,Game played,Wk,Run Att,Run Yd,Run TD,Target,Rec,Rec Yd,Rec TD,Opp,Points,Game played,Wk,Run Att,Run Yd,Run TD,Target,Rec,Rec Yd,Rec TD,Opp,Points,Game played,Wk,Run Att,Run Yd,Run TD,Target,Rec,Rec Yd,Rec TD,Opp,Points,Game played,Wk,Run Att,Run Yd,Run TD,Target,Rec,Rec Yd,Rec TD,Opp,Points,Game played,Wk,Run Att,Run Yd,Run TD,Target,Rec,Rec Yd,Rec TD,Opp,Points,Game played,Wk,Run Att,Run Yd,Run TD,Target,Rec,Rec Yd,Rec TD,Opp,Points,Game played,Wk,Run Att,Run Yd,Run TD,Target,Rec,Rec Yd,Rec TD,Opp,Points,Game played,Wk,Run Att,Run Yd,Run TD,Target,Rec,Rec Yd,Rec TD,Opp,Points,Game played,Wk,Run Att,Run Yd,Run TD,Target,Rec,Rec Yd,Rec TD,Opp,Points,Game played,Wk,Run Att,Run Yd,Run TD,Target,Rec,Rec Yd,Rec TD,Opp,Points,Game played,Wk,Run Att,Run Yd,Run TD,Target,Rec,Rec Yd,Rec TD,Opp,Points,Game played,Wk,Run Att,Run Yd,Run TD,Target,Rec,Rec Yd,Rec TD,Points,Game played
Aaron Ripkowski,GB,1,0,0,0,0,0,0,0,CHI,0,0,2,0,0,0,0,0,0,0,SEA,0,0,3,0,0,0,0,0,0,0,KC,0,0,4,0,0,0,0,0,0,0,SF,0,0,5,0,0,0,0,0,0,0,STL,0,0,6,0,0,0,0,0,0,0,SD,0,0,7,0,0,0,0,0,0,0,bye,0,0,8,0,0,0,0,0,0,0,DEN,0,0,9,0,0,0,1,1,18,0,CAR,1.8,1,10,0,0,0,0,0,0,0,DET,0,0,11,0,0,0,0,0,0,0,MIN,0,0,12,0,0,0,0,0,0,0,CHI,0,0,13,0,0,0,0,0,0,0,DET,0,0,14,0,0,0,0,0,0,0,DAL,0,0,15,0,0,0,0,0,0,0,OAK,0,0,16,0,0,0,0,0,0,0,ARI,0,0,17,0,0,0,0,0,0,0,MIN,0,0,Season,0,0,0,1,1,18,0,1.8,1
Adrian Peterson,MIN,1,10,31,0,3,3,21,0,SF,5.2,1,2,29,134,0,2,2,58,0,DET,19.2,1,3,20,126,2,0,0,0,0,SD,24.6,1,4,16,81,1,6,4,13,0,DEN,15.4,1,5,0,0,0,0,0,0,0,bye,0,0,6,26,60,0,1,1,-3,0,KC,5.7,1,7,19,98,0,3,3,12,0,DET,11,1,8,20,103,0,2,2,6,0,CHI,10.9,1,9,29,125,1,2,2,18,0,STL,20.3,1,10,26,203,1,3,2,13,0,OAK,27.6,1,11,13,45,1,2,2,16,0,GB,12.1,1,12,29,158,2,4,2,29,0,ATL,30.7,1,13,8,18,0,4,4,6,0,SEA,2.4,1,14,23,69,1,1,1,17,0,ARI,14.6,1,15,18,63,0,0,0,0,0,CHI,6.3,1,16,22,104,1,2,1,15,0,NYG,17.9,1,17,19,67,1,1,1,1,0,GB,12.8,1,Season,327,1485,11,36,30,222,0,236.7,16
Ahmad Bradshaw,IND,1,0,0,0,0,0,0,0,BUF,0,0,2,0,0,0,0,0,0,0,NYJ,0,0,3,0,0,0,0,0,0,0,TEN,0,0,4,0,0,0,0,0,0,0,JAC,0,0,5,0,0,0,0,0,0,0,HOU,0,0,6,4,8,0,1,1,8,0,NE,1.6,1,7,1,5,0,2,1,8,0,NO,1.3,1,8,7,31,0,1,0,0,0,CAR,3.1,1,9,6,3,0,2,1,8,1,DEN,7.1,1,10,0,0,0,0,0,0,0,bye,0,0,11,9,32,0,4,4,20,2,ATL,17.2,1,12,4,6,0,4,3,20,0,TB,2.6,1,13,0,0,0,0,0,0,0,PIT,0,0,14,0,0,0,0,0,0,0,JAC,0,0,15,0,0,0,0,0,0,0,HOU,0,0,16,0,0,0,0,0,0,0,MIA,0,0,17,0,0,0,0,0,0,0,TEN,0,0,Season,31,85,0,14,10,64,3,32.9,6
Akeem Hunt,HOU,1,0,0,0,0,0,0,0,KC,0,0,2,0,0,0,0,0,0,0,CAR,0,0,3,0,0,0,0,0,0,0,TB,0,0,4,0,0,0,0,0,0,0,ATL,0,0,5,0,0,0,0,0,0,0,IND,0,0,6,0,0,0,0,0,0,0,JAC,0,0,7,0,0,0,0,0,0,0,MIA,0,0,8,0,0,0,0,0,0,0,TEN,0,0,9,0,0,0,0,0,0,0,bye,0,0,10,0,0,0,0,0,0,0,CIN,0,0,11,2,4,0,1,0,0,0,NYJ,0.4,1,12,3,27,0,1,1,-2,0,NO,2.5,1,13,1,7,0,1,1,0,0,BUF,0.7,1,14,1,1,0,0,0,0,0,NE,0.1,1,15,5,26,0,2,2,8,0,IND,3.4,1,16,2,3,0,2,1,6,0,TEN,0.9,1,17,3,28,0,3,1,27,0,JAC,5.5,1,Season,17,96,0,10,6,39,0,13.5,7
Alfred Blue,HOU,1,9,42,0,2,1,7,0,KC,4.9,1,2,5,6,0,1,1,4,0,CAR,1,1,3,31,139,1,0,0,0,0,TB,19.9,1,4,6,17,0,0,0,0,0,ATL,1.7,1,5,6,22,0,1,1,11,0,IND,3.3,1,6,0,0,0,0,0,0,0,JAC,0,0,7,3,8,0,0,0,0,0,MIA,0.8,1,8,14,39,0,5,5,33,0,TEN,7.2,1,9,0,0,0,0,0,0,0,bye,0,0,10,12,22,0,1,1,9,0,CIN,3.1,1,11,21,58,0,3,3,34,1,NYJ,15.2,1,12,16,77,1,1,1,4,0,NO,14.1,1,13,4,14,0,0,0,0,0,BUF,1.4,1,14,0,0,0,0,0,0,0,NE,0,0,15,20,107,0,0,0,0,0,IND,10.7,1,16,15,45,0,1,1,5,0,TEN,5,1,17,21,102,0,1,1,2,0,JAC,10.4,1,Season,183,698,2,16,15,109,1,98.7,14
Alfred Morris,WAS,1,25,121,0,0,0,0,0,MIA,12.1,1,2,18,59,0,2,2,13,0,STL,7.2,1,3,6,19,0,0,0,0,0,NYG,1.9,1,4,17,62,0,3,2,3,0,PHI,6.5,1,5,8,15,0,0,0,0,0,ATL,1.5,1,6,11,21,0,1,1,11,0,NYJ,3.2,1,7,6,5,0,1,1,2,0,TB,0.7,1,8,0,0,0,0,0,0,0,bye,0,0,9,4,10,0,0,0,0,0,NE,1,1,10,15,104,0,3,3,14,0,NO,11.8,1,11,2,0,0,0,0,0,0,CAR,0,1,12,23,78,0,1,1,12,0,NYG,9,1,13,6,12,0,0,0,0,0,DAL,1.2,1,14,11,24,1,1,0,0,0,CHI,8.4,1,15,14,84,0,0,0,0,0,BUF,8.4,1,16,17,49,0,1,0,0,0,PHI,4.9,1,17,19,100,0,0,0,0,0,DAL,10,1,Season,202,763,1,13,10,55,0,87.8,16
Alonzo Harris,GB,1,0,0,0,0,0,0,0,CHI,0,0,2,0,0,0,0,0,0,0,SEA,0,0,3,2,17,0,0,0,0,0,KC,1.7,1,4,0,0,0,0,0,0,0,SF,0,0,5,0,0,0,0,0,0,0,STL,0,0,6,0,0,0,0,0,0,0,SD,0,0,7,0,0,0,0,0,0,0,bye,0,0,8,2,2,0,0,0,0,0,DEN,0.2,1,9,0,0,0,0,0,0,0,CAR,0,0,10,0,0,0,1,0,0,0,DET,0,1,11,0,0,0,0,0,0,0,MIN,0,0,12,0,0,0,0,0,0,0,CHI,0,0,13,0,0,0,0,0,0,0,DET,0,0,14,0,0,0,0,0,0,0,DAL,0,0,15,0,0,0,0,0,0,0,OAK,0,0,16,0,0,0,0,0,0,0,ARI,0,0,17,0,0,0,0,0,0,0,MIN,0,0,Season,4,19,0,1,0,0,0,1.9,3
Ameer Abdullah,DET,1,7,50,1,4,4,44,0,SD,15.4,1,2,6,9,0,1,1,9,0,MIN,1.8,1,3,8,23,0,5,2,19,1,DEN,10.2,1,4,13,33,0,5,2,11,0,SEA,4.4,1,5,6,17,0,2,1,9,0,ARI,2.6,1,6,14,48,0,4,3,21,0,CHI,6.9,1,7,8,43,0,0,0,0,0,MIN,4.3,1,8,1,3,0,2,0,0,0,KC,0.3,1,9,0,0,0,0,0,0,0,bye,0,0,10,5,15,0,1,1,7,0,GB,2.2,1,11,12,44,0,2,1,2,0,OAK,4.6,1,12,16,63,0,2,1,12,0,PHI,7.5,1,13,13,67,0,1,0,0,0,GB,6.7,1,14,7,23,0,2,2,21,0,STL,4.4,1,15,9,77,1,2,2,12,0,NO,14.9,1,16,8,39,0,4,4,9,0,SF,4.8,1,17,10,44,0,1,1,7,0,CHI,5.1,1,Season,143,598,2,38,25,183,1,96.1,16
Andre Ellington,ARI,1,12,69,1,3,1,7,0,NO,13.6,1,2,0,0,0,0,0,0,0,CHI,0,0,3,0,0,0,0,0,0,0,SF,0,0,4,0,0,0,0,0,0,0,STL,0,0,5,3,63,1,0,0,0,0,DET,12.3,1,6,1,7,0,2,2,47,0,PIT,5.4,1,7,5,21,0,4,3,28,0,BAL,4.9,1,8,3,0,0,1,0,0,0,CLE,0,1,9,0,0,0,0,0,0,0,bye,0,0,10,5,61,1,4,3,27,0,SEA,14.8,1,11,2,2,0,2,1,5,0,CIN,0.7,1,12,5,24,0,5,3,22,0,SF,4.6,1,13,0,0,0,0,0,0,0,STL,0,0,14,0,0,0,0,0,0,0,MIN,0,0,15,0,0,0,0,0,0,0,PHI,0,0,16,7,40,0,1,1,5,0,GB,4.5,1,17,2,2,0,2,1,7,0,SEA,0.9,1,Season,45,289,3,24,15,148,0,61.7,10
Andre Williams,NYG,1,6,14,0,0,0,0,0,DAL,1.4,1,2,6,43,0,0,0,0,0,ATL,4.3,1,3,14,29,1,0,0,0,0,WAS,8.9,1,4,11,35,0,1,0,0,0,BUF,3.5,1,5,3,0,0,0,0,0,0,SF,0,1,6,5,6,0,0,0,0,0,PHI,0.6,1,7,4,13,0,0,0,0,0,DAL,1.3,1,8,5,7,0,0,0,0,0,NO,0.7,1,9,7,30,0,1,1,7,0,TB,3.7,1,10,2,2,0,0,0,0,0,NE,0.2,1,11,0,0,0,0,0,0,0,bye,0,0,12,2,1,0,0,0,0,0,WAS,0.1,1,13,6,22,0,1,0,0,0,NYJ,2.2,1,14,3,3,0,0,0,0,0,MIA,0.3,1,15,6,21,0,0,0,0,0,CAR,2.1,1,16,3,5,0,0,0,0,0,MIN,0.5,1,17,5,26,0,0,0,0,0,PHI,2.6,1,Season,88,257,1,3,1,7,0,32.4,16
Anthony Dixon,BUF,1,3,1,1,0,0,0,0,IND,6.1,1,2,0,0,0,0,0,0,0,NE,0,0,3,5,-1,0,0,0,0,0,MIA,-0.1,1,4,0,0,0,3,2,20,0,NYG,2,1,5,7,19,0,3,3,20,0,TEN,3.9,1,6,0,0,0,0,0,0,0,CIN,0,0,7,0,0,0,0,0,0,0,JAC,0,0,8,0,0,0,0,0,0,0,bye,0,0,9,0,0,0,0,0,0,0,MIA,0,0,10,0,0,0,0,0,0,0,NYJ,0,0,11,0,0,0,0,0,0,0,NE,0,0,12,2,8,0,0,0,0,0,KC,0.8,1,13,1,6,0,0,0,0,0,HOU,0.6,1,14,0,0,0,0,0,0,0,PHI,0,0,15,1,5,0,1,1,4,0,WAS,0.9,1,16,0,0,0,0,0,0,0,DAL,0,0,17,2,6,0,0,0,0,0,NYJ,0.6,1,Season,21,44,1,7,6,44,0,14.8,8
Anthony Sherman,KC,1,0,0,0,1,1,0,0,HOU,0,1,2,0,0,0,0,0,0,0,DEN,0,0,3,0,0,0,0,0,0,0,GB,0,0,4,0,0,0,0,0,0,0,CIN,0,0,5,0,0,0,0,0,0,0,CHI,0,0,6,1,0,0,1,1,13,0,MIN,1.3,1,7,0,0,0,0,0,0,0,PIT,0,0,8,0,0,0,0,0,0,0,DET,0,0,9,0,0,0,0,0,0,0,bye,0,0,10,0,0,0,0,0,0,0,DEN,0,0,11,0,0,0,0,0,0,0,SD,0,0,12,0,0,0,0,0,0,0,BUF,0,0,13,0,0,0,1,0,0,0,OAK,0,1,14,0,0,0,0,0,0,0,SD,0,0,15,0,0,0,0,0,0,0,BAL,0,0,16,0,0,0,0,0,0,0,CLE,0,0,17,0,0,0,2,2,21,0,OAK,2.1,1,Season,1,0,0,5,4,34,0,3.4,4
Antone Smith,CHI,1,0,0,0,0,0,0,0,GB,0,0,2,0,0,0,0,0,0,0,ARI,0,0,3,0,0,0,0,0,0,0,SEA,0,0,4,0,0,0,0,0,0,0,OAK,0,0,5,0,0,0,0,0,0,0,KC,0,0,6,0,0,0,0,0,0,0,DET,0,0,7,0,0,0,0,0,0,0,bye,0,0,8,0,0,0,0,0,0,0,MIN,0,0,9,1,11,0,0,0,0,0,SD,1.1,1,10,0,0,0,0,0,0,0,STL,0,0,11,0,0,0,0,0,0,0,DEN,0,0,12,0,0,0,0,0,0,0,GB,0,0,13,0,0,0,0,0,0,0,SF,0,0,14,0,0,0,0,0,0,0,WAS,0,0,15,0,0,0,0,0,0,0,MIN,0,0,16,0,0,0,0,0,0,0,TB,0,0,17,0,0,0,0,0,0,0,DET,0,0,Season,1,11,0,0,0,0,0,1.1,1
Antonio Andrews,TEN,1,0,0,0,0,0,0,0,TB,0,0,2,0,0,0,0,0,0,0,CLE,0,0,3,12,49,1,2,1,12,0,IND,12.1,1,4,0,0,0,0,0,0,0,bye,0,0,5,7,9,1,4,3,45,0,BUF,11.4,1,6,9,23,0,1,1,2,0,MIA,2.5,1,7,10,57,0,0,0,0,0,ATL,5.7,1,8,16,64,0,3,3,18,0,HOU,8.2,1,9,19,88,0,2,1,23,0,NO,11.1,1,10,11,8,0,0,0,0,0,CAR,0.8,1,11,15,78,0,2,2,16,0,JAC,9.4,1,12,11,32,0,2,1,14,0,OAK,4.6,1,13,13,58,1,1,1,10,0,JAC,12.8,1,14,4,8,0,2,1,6,0,NYJ,1.4,1,15,14,45,0,6,5,25,0,NE,7,1,16,2,1,0,2,0,0,0,HOU,0.1,1,17,0,0,0,2,2,3,0,IND,0.3,1,Season,143,520,3,29,21,174,0,87.4,14
Arian Foster,HOU,1,0,0,0,0,0,0,0,KC,0,0,2,0,0,0,0,0,0,0,CAR,0,0,3,0,0,0,0,0,0,0,TB,0,0,4,8,10,0,5,3,25,0,ATL,3.5,1,5,19,41,0,10,9,77,0,IND,11.8,1,6,18,53,0,6,5,59,1,JAC,17.2,1,7,18,59,1,7,5,66,1,MIA,24.5,1,8,0,0,0,0,0,0,0,TEN,0,0,9,0,0,0,0,0,0,0,bye,0,0,10,0,0,0,0,0,0,0,CIN,0,0,11,0,0,0,0,0,0,0,NYJ,0,0,12,0,0,0,0,0,0,0,NO,0,0,13,0,0,0,0,0,0,0,BUF,0,0,14,0,0,0,0,0,0,0,NE,0,0,15,0,0,0,0,0,0,0,IND,0,0,16,0,0,0,0,0,0,0,TEN,0,0,17,0,0,0,0,0,0,0,JAC,0,0,Season,63,163,1,28,22,227,2,57,4
Austin Johnson,NO,1,1,4,0,0,2,5,0,ARI,0.9,1,2,1,1,1,1,0,0,0,TB,6.1,1,3,2,4,0,0,0,0,0,CAR,0.4,1,4,0,0,0,0,0,0,0,DAL,0,0,5,0,0,0,0,0,0,0,PHI,0,0,6,0,0,0,0,0,0,0,ATL,0,0,7,0,0,0,0,0,0,0,IND,0,0,8,0,0,0,0,0,0,0,NYG,0,0,9,0,0,0,0,0,0,0,TEN,0,0,10,0,0,0,0,0,0,0,WAS,0,0,11,0,0,0,0,0,0,0,bye,0,0,12,0,0,0,0,0,0,0,HOU,0,0,13,0,0,0,0,0,0,0,CAR,0,0,14,0,0,0,0,0,0,0,TB,0,0,15,0,0,0,1,1,6,0,DET,0.6,1,16,0,0,0,3,2,19,0,JAC,1.9,1,17,0,0,0,0,0,0,0,ATL,0,0,Season,4,9,1,5,5,30,0,9.9,5
Benny Cunningham,STL,1,16,45,0,7,4,77,0,SEA,12.2,1,2,1,0,0,6,4,27,0,WAS,2.7,1,3,1,12,0,2,2,18,0,PIT,3,1,4,2,0,0,2,2,4,0,ARI,0.4,1,5,0,0,0,2,2,28,0,GB,2.8,1,6,0,0,0,0,0,0,0,bye,0,0,7,4,11,0,2,2,13,0,CLE,2.4,1,8,0,0,0,0,0,0,0,SF,0,0,9,0,0,0,0,0,0,0,MIN,0,0,10,0,0,0,2,1,2,0,CHI,0.2,1,11,1,0,0,2,1,20,0,BAL,2,1,12,2,12,0,3,1,5,0,CIN,1.7,1,13,0,0,0,1,0,0,0,ARI,0,1,14,3,14,0,1,1,8,0,DET,2.2,1,15,2,8,0,0,0,0,0,TB,0.8,1,16,1,0,0,3,3,14,0,SEA,1.4,1,17,4,38,0,3,3,34,0,SF,7.2,1,Season,37,140,0,36,26,250,0,39,14
Bernard Pierce,JAC,1,0,0,0,2,1,4,0,CAR,0.4,1,2,3,4,0,0,0,0,0,MIA,0.4,1,3,1,1,0,3,2,3,0,NE,0.4,1,4,0,0,0,0,0,0,0,IND,0,0,5,2,6,0,0,0,0,0,TB,0.6,1,6,0,0,0,0,0,0,0,HOU,0,0,7,0,0,0,0,0,0,0,BUF,0,0,8,0,0,0,0,0,0,0,bye,0,0,9,0,0,0,0,0,0,0,NYJ,0,0,10,0,0,0,0,0,0,0,BAL,0,0,11,0,0,0,0,0,0,0,TEN,0,0,12,0,0,0,0,0,0,0,SD,0,0,13,0,0,0,0,0,0,0,TEN,0,0,14,0,0,0,0,0,0,0,IND,0,0,15,0,0,0,0,0,0,0,ATL,0,0,16,0,0,0,0,0,0,0,NO,0,0,17,0,0,0,0,0,0,0,HOU,0,0,Season,6,11,0,5,3,7,0,1.8,4
Bilal Powell,NYJ,1,12,62,0,4,2,16,0,CLE,7.8,1,2,12,38,0,5,4,16,0,IND,5.4,1,3,10,31,0,8,7,44,0,PHI,7.5,1,4,0,0,0,1,1,12,0,MIA,1.2,1,5,0,0,0,0,0,0,0,bye,0,0,6,4,-2,0,1,1,1,0,WAS,-0.1,1,7,0,0,0,0,0,0,0,NE,0,0,8,0,0,0,0,0,0,0,OAK,0,0,9,0,0,0,0,0,0,0,JAC,0,0,10,0,0,0,0,0,0,0,BUF,0,0,11,4,22,0,7,5,67,0,HOU,8.9,1,12,6,28,0,5,2,7,0,MIA,3.5,1,13,6,17,0,13,8,91,1,NYG,16.8,1,14,3,36,0,5,5,46,1,TEN,14.2,1,15,6,25,1,7,7,54,0,DAL,13.9,1,16,7,56,0,7,5,34,0,NE,9,1,17,0,0,0,0,0,0,0,BUF,0,0,Season,70,313,1,63,47,388,2,88.1,11
Bishop Sankey,TEN,1,12,74,1,4,2,12,1,TB,20.6,1,2,12,42,0,2,0,0,0,CLE,4.2,1,3,5,10,0,2,2,31,0,IND,4.1,1,4,0,0,0,0,0,0,0,bye,0,0,5,7,20,0,3,3,23,0,BUF,4.3,1,6,3,13,0,3,1,7,0,MIA,2,1,7,0,0,0,1,0,0,0,ATL,0,1,8,0,0,0,0,0,0,0,HOU,0,0,9,0,0,0,0,0,0,0,NO,0,0,10,2,7,0,0,0,0,0,CAR,0.7,1,11,0,0,0,0,0,0,0,JAC,0,0,12,0,0,0,0,0,0,0,OAK,0,0,13,0,0,0,1,0,0,0,JAC,0,1,14,0,0,0,0,0,0,0,NYJ,0,0,15,0,0,0,3,3,23,0,NE,2.3,1,16,2,11,0,4,3,43,0,HOU,5.4,1,17,4,16,0,0,0,0,0,IND,1.6,1,Season,47,193,1,23,14,139,1,45.2,11
Bobby Rainey,TB,1,3,10,0,1,1,4,0,TEN,1.4,1,2,0,0,0,1,1,8,0,NO,0.8,1,3,0,0,0,0,0,0,0,HOU,0,0,4,0,0,0,0,0,0,0,CAR,0,0,5,0,0,0,0,0,0,0,JAC,0,0,6,0,0,0,0,0,0,0,bye,0,0,7,0,0,0,1,1,4,0,WAS,0.4,1,8,0,0,0,0,0,0,0,ATL,0,0,9,1,3,0,0,0,0,0,NYG,0.3,1,10,0,0,0,0,0,0,0,DAL,0,0,11,1,5,0,0,0,0,0,PHI,0.5,1,12,0,0,0,0,0,0,0,IND,0,0,13,0,0,0,0,0,0,0,ATL,0,0,14,0,0,0,0,0,0,0,NO,0,0,15,0,0,0,0,0,0,0,STL,0,0,16,0,0,0,0,0,0,0,CHI,0,0,17,0,0,0,0,0,0,0,CAR,0,0,Season,5,18,0,3,3,16,0,3.4,5
Branden Oliver,SD,1,2,4,0,1,1,17,0,DET,2.1,1,2,1,2,0,0,0,0,0,CIN,0.2,1,3,8,26,0,1,0,0,0,MIN,2.6,1,4,0,0,0,0,0,0,0,CLE,0,0,5,0,0,0,0,0,0,0,PIT,0,0,6,7,23,0,4,4,40,0,GB,6.3,1,7,9,35,0,7,6,39,0,OAK,7.4,1,8,4,18,0,2,2,16,0,BAL,3.4,1,9,0,0,0,0,0,0,0,CHI,0,0,10,0,0,0,0,0,0,0,bye,0,0,11,0,0,0,0,0,0,0,KC,0,0,12,0,0,0,0,0,0,0,JAC,0,0,13,0,0,0,0,0,0,0,DEN,0,0,14,0,0,0,0,0,0,0,KC,0,0,15,0,0,0,0,0,0,0,MIA,0,0,16,0,0,0,0,0,0,0,OAK,0,0,17,0,0,0,0,0,0,0,DEN,0,0,Season,31,108,0,15,13,112,0,22,6
Brandon Bolden,NE,1,5,1,0,2,1,12,0,PIT,1.3,1,2,1,1,0,1,1,2,0,BUF,0.3,1,3,0,0,0,0,0,0,0,JAC,0,0,4,0,0,0,0,0,0,0,bye,0,0,5,0,0,0,0,0,0,0,DAL,0,0,6,0,0,0,0,0,0,0,IND,0,0,7,0,0,0,0,0,0,0,NYJ,0,0,8,0,0,0,0,0,0,0,MIA,0,0,9,1,12,0,4,3,27,1,WAS,9.9,1,10,1,-3,0,1,0,0,0,NYG,-0.3,1,11,4,15,0,1,0,0,0,BUF,1.5,1,12,4,11,0,4,4,84,1,DEN,15.5,1,13,3,22,0,5,1,2,0,PHI,2.4,1,14,16,51,0,0,0,0,0,HOU,5.1,1,15,10,36,0,3,2,18,0,TEN,5.4,1,16,9,30,0,7,5,30,0,NYJ,6,1,17,9,31,0,2,2,5,0,MIA,3.6,1,Season,63,207,0,30,19,180,2,50.7,11
Bruce Miller,SF,1,0,0,0,0,0,0,0,MIN,0,0,2,0,0,0,2,1,7,0,PIT,0.7,1,3,0,0,0,0,0,0,0,ARI,0,0,4,0,0,0,0,0,0,0,GB,0,0,5,0,0,0,2,2,23,0,NYG,2.3,1,6,0,0,0,3,3,89,0,BAL,8.9,1,7,0,0,0,0,0,0,0,SEA,0,0,8,0,0,0,1,0,0,0,STL,0,1,9,2,4,0,0,0,0,0,ATL,0.4,1,10,0,0,0,0,0,0,0,bye,0,0,11,0,0,0,0,0,0,0,SEA,0,0,12,0,0,0,0,0,0,0,ARI,0,0,13,1,4,0,1,1,4,0,CHI,0.8,1,14,1,3,0,0,0,0,0,CLE,0.3,1,15,2,3,1,1,1,10,0,CIN,7.3,1,16,0,0,0,1,0,0,0,DET,0,1,17,0,0,0,3,2,2,0,STL,0.2,1,Season,6,14,1,14,10,135,0,20.9,10
Bryce Brown,SEA,1,0,0,0,0,0,0,0,STL,0,0,2,0,0,0,0,0,0,0,GB,0,0,3,0,0,0,0,0,0,0,CHI,0,0,4,0,0,0,0,0,0,0,DET,0,0,5,0,0,0,0,0,0,0,CIN,0,0,6,0,0,0,0,0,0,0,CAR,0,0,7,0,0,0,0,0,0,0,SF,0,0,8,0,0,0,0,0,0,0,DAL,0,0,9,0,0,0,0,0,0,0,bye,0,0,10,0,0,0,0,0,0,0,ARI,0,0,11,0,0,0,0,0,0,0,SF,0,0,12,0,0,0,0,0,0,0,PIT,0,0,13,0,0,0,0,0,0,0,MIN,0,0,14,0,0,0,0,0,0,0,BAL,0,0,15,9,43,0,1,0,0,0,CLE,4.3,1,16,7,9,0,1,0,0,0,STL,0.9,1,17,10,20,1,0,0,0,0,ARI,8,1,Season,26,72,1,2,0,0,0,13.2,3
C.J. Anderson,DEN,1,12,29,0,8,4,19,0,BAL,4.8,1,2,12,27,0,1,1,2,0,KC,2.9,1,3,8,18,0,1,1,9,0,DET,2.7,1,4,11,43,0,1,1,27,0,MIN,7,1,5,11,22,0,2,2,18,0,OAK,4,1,6,13,41,0,4,4,25,0,CLE,6.6,1,7,0,0,0,0,0,0,0,bye,0,0,8,14,101,1,1,1,5,0,GB,16.6,1,9,7,34,0,2,1,4,0,IND,3.8,1,10,2,9,0,1,0,0,0,KC,0.9,1,11,12,59,0,2,2,13,0,CHI,7.2,1,12,15,113,2,4,4,40,0,NE,27.3,1,13,7,42,0,1,1,12,0,SD,5.4,1,14,0,0,0,0,0,0,0,OAK,0,0,15,4,14,0,3,1,6,0,PIT,2,1,16,9,73,1,2,1,8,0,CIN,14.1,1,17,15,95,1,3,1,-5,0,SD,15,1,Season,152,720,5,36,25,183,0,120.3,15
C.J. Spiller,NO,1,0,0,0,0,0,0,0,ARI,0,0,2,3,7,0,1,1,19,0,TB,2.6,1,3,1,4,0,2,2,22,0,CAR,2.6,1,4,2,10,0,5,5,99,1,DAL,16.9,1,5,3,10,0,4,3,-8,0,PHI,0.2,1,6,3,10,0,5,4,17,0,ATL,2.7,1,7,4,16,0,6,6,32,0,IND,4.8,1,8,4,21,0,4,2,15,1,NYG,9.6,1,9,2,8,0,2,1,2,0,TEN,1,1,10,8,24,0,2,2,10,0,WAS,3.4,1,11,0,0,0,0,0,0,0,bye,0,0,12,1,-2,0,3,2,8,0,HOU,0.6,1,13,0,0,0,2,1,0,0,CAR,0,1,14,3,2,0,3,3,7,0,TB,0.9,1,15,2,2,0,5,2,16,0,DET,1.8,1,16,0,0,0,0,0,0,0,JAC,0,0,17,0,0,0,0,0,0,0,ATL,0,0,Season,36,112,0,44,34,239,2,47.1,13
Cameron Artis-Payne,CAR,1,0,0,0,0,0,0,0,JAC,0,0,2,0,0,0,0,0,0,0,HOU,0,0,3,3,6,0,0,0,0,0,NO,0.6,1,4,8,25,0,0,0,0,0,TB,2.5,1,5,0,0,0,0,0,0,0,bye,0,0,6,0,0,0,0,0,0,0,SEA,0,0,7,1,0,0,0,0,0,0,PHI,0,1,8,0,0,0,0,0,0,0,IND,0,0,9,0,0,0,0,0,0,0,GB,0,0,10,0,0,0,0,0,0,0,TEN,0,0,11,0,0,0,0,0,0,0,WAS,0,0,12,0,0,0,0,0,0,0,DAL,0,0,13,0,0,0,0,0,0,0,NO,0,0,14,0,0,0,0,0,0,0,ATL,0,0,15,14,59,0,2,2,34,0,NYG,9.3,1,16,5,49,0,1,1,7,0,ATL,5.6,1,17,14,44,1,2,2,17,0,TB,12.1,1,Season,45,183,1,5,5,58,0,30.1,6
Carlos Hyde,SF,1,26,168,2,2,2,14,0,MIN,30.2,1,2,13,43,0,4,4,18,0,PIT,6.1,1,3,15,51,0,1,1,10,0,ARI,6.1,1,4,8,20,0,1,1,2,0,GB,2.2,1,5,21,93,1,5,1,4,0,NYG,15.7,1,6,21,55,0,2,2,5,0,BAL,6,1,7,11,40,0,0,0,0,0,SEA,4,1,8,0,0,0,0,0,0,0,STL,0,0,9,0,0,0,0,0,0,0,ATL,0,0,10,0,0,0,0,0,0,0,bye,0,0,11,0,0,0,0,0,0,0,SEA,0,0,12,0,0,0,0,0,0,0,ARI,0,0,13,0,0,0,0,0,0,0,CHI,0,0,14,0,0,0,0,0,0,0,CLE,0,0,15,0,0,0,0,0,0,0,CIN,0,0,16,0,0,0,0,0,0,0,DET,0,0,17,0,0,0,0,0,0,0,STL,0,0,Season,115,470,3,15,11,53,0,70.3,7
Charcandrick West,KC,1,0,0,0,0,0,0,0,HOU,0,0,2,0,0,0,0,0,0,0,DEN,0,0,3,0,0,0,0,0,0,0,GB,0,0,4,5,17,0,3,1,4,0,CIN,2.1,1,5,7,31,0,2,1,5,0,CHI,3.6,1,6,9,33,0,2,1,6,0,MIN,3.9,1,7,22,110,1,5,2,19,0,PIT,18.9,1,8,20,97,1,6,4,25,0,DET,18.2,1,9,0,0,0,0,0,0,0,bye,0,0,10,24,69,1,5,3,92,1,DEN,28.1,1,11,11,16,0,2,2,48,0,SD,6.4,1,12,0,0,0,0,0,0,0,BUF,0,0,13,9,35,0,3,2,9,0,OAK,4.4,1,14,10,54,0,1,0,0,0,SD,5.4,1,15,16,76,1,2,2,9,0,BAL,14.5,1,16,14,62,0,1,1,-1,0,CLE,6.1,1,17,13,34,0,1,1,-2,0,OAK,3.2,1,Season,160,634,4,33,20,214,1,114.8,12
Charles Sims,TB,1,5,12,0,5,2,23,0,TEN,3.5,1,2,8,38,0,3,3,14,0,NO,5.2,1,3,6,11,0,2,2,41,1,HOU,11.2,1,4,6,23,0,5,3,30,1,CAR,11.3,1,5,12,51,0,4,4,85,0,JAC,13.6,1,6,0,0,0,0,0,0,0,bye,0,0,7,10,49,0,3,2,17,0,WAS,6.6,1,8,6,22,0,4,3,24,0,ATL,4.6,1,9,8,78,0,2,1,4,0,NYG,8.2,1,10,5,18,0,5,2,13,0,DAL,3.1,1,11,10,43,0,4,3,26,1,PHI,12.9,1,12,4,8,0,3,3,31,0,IND,3.9,1,13,7,56,0,3,2,21,0,ATL,7.7,1,14,5,10,0,8,6,64,0,NO,7.4,1,15,7,50,0,3,3,22,0,STL,7.2,1,16,4,45,0,5,3,72,1,CHI,17.7,1,17,4,15,0,11,9,74,0,CAR,8.9,1,Season,107,529,0,70,51,561,4,133,16
Chris Ivory,NYJ,1,20,91,2,1,1,9,0,CLE,22,1,2,14,57,0,2,2,3,0,IND,6,1,3,0,0,0,0,0,0,0,PHI,0,0,4,29,166,1,2,0,0,0,MIA,22.6,1,5,0,0,0,0,0,0,0,bye,0,0,6,20,146,1,3,3,50,0,WAS,25.6,1,7,17,41,0,2,2,12,1,NE,11.3,1,8,15,17,0,5,3,24,0,OAK,4.1,1,9,23,26,2,3,3,22,0,JAC,16.8,1,10,18,99,0,3,2,36,0,BUF,13.5,1,11,8,36,0,1,1,9,0,HOU,4.5,1,12,21,87,1,2,2,15,0,MIA,16.2,1,13,10,47,0,5,5,22,0,NYG,6.9,1,14,22,101,0,2,1,6,0,TEN,10.7,1,15,13,37,0,2,1,5,0,DAL,4.2,1,16,11,38,0,4,4,4,0,NE,4.2,1,17,6,81,0,0,0,0,0,BUF,8.1,1,Season,247,1070,7,37,30,217,1,176.7,15
Chris Johnson,ARI,1,10,37,0,0,0,0,0,NO,3.7,1,2,20,72,0,1,0,0,0,CHI,7.2,1,3,22,110,2,2,1,40,0,SF,27,1,4,16,83,0,3,3,11,0,STL,9.4,1,5,11,103,0,0,0,0,0,DET,10.3,1,6,14,40,0,1,1,5,0,PIT,4.5,1,7,18,122,1,0,0,0,0,BAL,18.2,1,8,30,109,0,1,0,0,0,CLE,10.9,1,9,0,0,0,0,0,0,0,bye,0,0,10,25,58,0,2,0,0,0,SEA,5.8,1,11,18,63,0,2,1,2,0,CIN,6.5,1,12,12,17,0,0,0,0,0,SF,1.7,1,13,0,0,0,0,0,0,0,STL,0,0,14,0,0,0,0,0,0,0,MIN,0,0,15,0,0,0,0,0,0,0,PHI,0,0,16,0,0,0,0,0,0,0,GB,0,0,17,0,0,0,0,0,0,0,SEA,0,0,Season,196,814,3,12,6,58,0,105.2,11
Chris Polk,HOU,1,5,22,0,1,1,9,0,KC,3.1,1,2,14,38,0,8,2,9,0,CAR,4.7,1,3,5,5,0,0,0,0,0,TB,0.5,1,4,3,27,1,4,3,23,0,ATL,11,1,5,1,5,0,3,2,17,0,IND,2.2,1,6,8,37,0,2,1,2,0,JAC,3.9,1,7,4,4,0,3,2,14,0,MIA,1.8,1,8,8,18,0,2,1,4,0,TEN,2.2,1,9,0,0,0,0,0,0,0,bye,0,0,10,4,14,0,0,0,0,0,CIN,1.4,1,11,0,0,0,0,0,0,0,NYJ,0,0,12,6,21,0,1,1,6,0,NO,2.7,1,13,12,61,0,1,1,11,1,BUF,13.2,1,14,11,34,0,2,2,14,0,NE,4.8,1,15,4,6,0,0,0,0,0,IND,0.6,1,16,11,38,0,0,0,0,0,TEN,3.8,1,17,3,4,0,1,0,0,0,JAC,0.4,1,Season,99,334,1,28,16,109,1,56.3,15
Chris Thompson,WAS,1,3,11,0,0,0,0,0,MIA,1.1,1,2,0,0,0,1,1,10,0,STL,1,1,3,2,29,0,11,8,57,1,NYG,14.6,1,4,6,53,0,3,2,24,0,PHI,7.7,1,5,3,15,0,7,6,33,0,ATL,4.8,1,6,5,12,0,10,6,26,0,NYJ,3.8,1,7,0,0,0,0,0,0,0,TB,0,0,8,0,0,0,0,0,0,0,bye,0,0,9,0,0,0,4,2,21,0,NE,2.1,1,10,2,54,0,1,1,23,0,NO,7.7,1,11,4,10,0,4,3,7,0,CAR,1.7,1,12,2,7,0,1,1,9,0,NYG,1.6,1,13,1,6,0,4,4,18,0,DAL,2.4,1,14,0,0,0,0,0,0,0,CHI,0,0,15,0,0,0,0,0,0,0,BUF,0,0,16,0,0,0,1,1,12,1,PHI,7.2,1,17,7,19,0,0,0,0,0,DAL,1.9,1,Season,35,216,0,47,35,240,2,57.6,13
Christine Michael,DAL,1,0,0,0,0,0,0,0,NYG,0,0,2,0,0,0,0,0,0,0,PHI,0,0,3,0,0,0,0,0,0,0,ATL,0,0,4,1,-1,0,0,0,0,0,NO,-0.1,1,5,1,6,0,0,0,0,0,NE,0.6,1,6,0,0,0,0,0,0,0,bye,0,0,7,5,18,0,1,1,2,0,NYG,2,1,8,5,20,0,2,0,0,0,SEA,2,1,9,0,0,0,0,0,0,0,PHI,0,0,10,3,8,0,0,0,0,0,TB,0.8,1,11,0,0,0,0,0,0,0,MIA,0,0,12,0,0,0,0,0,0,0,CAR,0,0,13,0,0,0,0,0,0,0,WAS,0,0,14,0,0,0,0,0,0,0,GB,0,0,15,16,84,0,0,0,0,0,NYJ,8.4,1,16,6,6,0,2,2,14,0,BUF,2,1,17,17,102,0,1,0,0,0,WAS,10.2,1,Season,54,243,0,6,3,16,0,25.9,8
Cierre Wood,BUF,1,0,0,0,0,0,0,0,IND,0,0,2,0,0,0,0,0,0,0,NE,0,0,3,0,0,0,0,0,0,0,MIA,0,0,4,0,0,0,1,1,-6,0,NYG,-0.6,1,5,2,3,0,0,0,0,0,TEN,0.3,1,6,0,0,0,0,0,0,0,CIN,0,0,7,0,0,0,0,0,0,0,JAC,0,0,8,0,0,0,0,0,0,0,bye,0,0,9,0,0,0,0,0,0,0,MIA,0,0,10,0,0,0,0,0,0,0,NYJ,0,0,11,0,0,0,0,0,0,0,NE,0,0,12,0,0,0,0,0,0,0,KC,0,0,13,0,0,0,0,0,0,0,HOU,0,0,14,0,0,0,0,0,0,0,PHI,0,0,15,0,0,0,0,0,0,0,WAS,0,0,16,0,0,0,0,0,0,0,DAL,0,0,17,0,0,0,0,0,0,0,NYJ,0,0,Season,2,3,0,1,1,-6,0,-0.3,2
Corey Grant,JAC,1,0,0,0,1,1,5,0,CAR,0.5,1,2,1,1,0,0,0,0,0,MIA,0.1,1,3,2,6,0,2,1,8,0,NE,1.4,1,4,0,0,0,0,0,0,0,IND,0,0,5,2,-6,0,0,0,0,0,TB,-0.6,1,6,1,1,0,0,0,0,0,HOU,0.1,1,7,0,0,0,0,0,0,0,BUF,0,0,8,0,0,0,0,0,0,0,bye,0,0,9,0,0,0,0,0,0,0,NYJ,0,0,10,0,0,0,0,0,0,0,BAL,0,0,11,0,0,0,0,0,0,0,TEN,0,0,12,0,0,0,0,0,0,0,SD,0,0,13,0,0,0,0,0,0,0,TEN,0,0,14,0,0,0,0,0,0,0,IND,0,0,15,0,0,0,0,0,0,0,ATL,0,0,16,0,0,0,0,0,0,0,NO,0,0,17,0,0,0,0,0,0,0,HOU,0,0,Season,6,2,0,3,2,13,0,1.5,5
Damien Williams,MIA,1,1,0,0,1,1,3,0,WAS,0.3,1,2,2,5,0,4,3,15,1,JAC,8,1,3,2,17,0,3,1,5,0,BUF,2.2,1,4,0,0,0,1,1,1,0,NYJ,0.1,1,5,0,0,0,0,0,0,0,bye,0,0,6,2,5,0,0,0,0,0,TEN,0.5,1,7,4,19,0,2,2,10,0,HOU,2.9,1,8,0,0,0,0,0,0,0,NE,0,0,9,0,0,0,0,0,0,0,BUF,0,0,10,0,0,0,1,0,0,0,PHI,0,1,11,0,0,0,0,0,0,0,DAL,0,0,12,0,0,0,4,2,10,0,NYJ,1,1,13,1,1,0,1,1,5,0,BAL,0.6,1,14,0,0,0,3,2,11,0,NYG,1.1,1,15,1,1,0,2,2,11,0,SD,1.2,1,16,0,0,0,3,3,33,0,IND,3.3,1,17,3,11,0,3,3,38,0,NE,4.9,1,Season,16,59,0,28,21,142,1,26.1,13
Dan Herron,BUF,1,0,0,0,0,0,0,0,IND,0,0,2,0,0,0,0,0,0,0,NE,0,0,3,0,0,0,0,0,0,0,MIA,0,0,4,0,0,0,0,0,0,0,NYG,0,0,5,9,28,0,0,0,0,0,TEN,2.8,1,6,0,0,0,2,2,17,0,CIN,1.7,1,7,2,9,0,1,1,3,0,JAC,1.2,1,8,0,0,0,0,0,0,0,bye,0,0,9,0,0,0,0,0,0,0,MIA,0,0,10,0,0,0,0,0,0,0,NYJ,0,0,11,0,0,0,0,0,0,0,NE,0,0,12,0,0,0,0,0,0,0,KC,0,0,13,2,8,0,3,3,16,0,HOU,2.4,1,14,4,16,0,2,2,5,0,PHI,2.1,1,15,0,0,0,1,1,6,0,WAS,0.6,1,16,6,14,0,0,0,0,0,DAL,1.4,1,17,2,4,0,1,0,0,0,NYJ,0.4,1,Season,25,79,0,10,9,47,0,12.6,8
Danny Woodhead,SD,1,12,42,2,7,4,20,0,DET,18.2,1,2,7,36,0,6,6,68,0,CIN,10.4,1,3,5,11,0,4,3,32,0,MIN,4.3,1,4,8,54,0,4,4,84,0,CLE,13.8,1,5,4,10,0,7,5,66,0,PIT,7.6,1,6,7,8,0,7,5,63,0,GB,7.1,1,7,5,26,0,12,11,75,2,OAK,22.1,1,8,3,9,0,3,2,36,0,BAL,4.5,1,9,6,33,0,10,6,78,1,CHI,17.1,1,10,0,0,0,0,0,0,0,bye,0,0,11,6,7,0,2,1,9,0,KC,1.6,1,12,4,8,0,6,6,39,0,JAC,4.7,1,13,3,10,0,7,3,24,0,DEN,3.4,1,14,3,5,0,6,3,8,0,KC,1.3,1,15,8,10,1,6,6,50,3,MIA,30,1,16,11,55,0,10,8,53,0,OAK,10.8,1,17,5,11,0,10,8,51,0,DEN,6.2,1,Season,97,335,3,107,81,756,6,163.1,16
Darrel Young,WAS,1,0,0,0,1,1,0,0,MIA,0,1,2,0,0,0,0,0,0,0,STL,0,0,3,1,2,0,0,0,0,0,NYG,0.2,1,4,1,0,0,0,0,0,0,PHI,0,1,5,0,0,0,0,0,0,0,ATL,0,0,6,0,0,0,1,1,8,0,NYJ,0.8,1,7,1,1,0,0,0,0,0,TB,0.1,1,8,0,0,0,0,0,0,0,bye,0,0,9,0,0,0,0,0,0,0,NE,0,0,10,3,11,0,1,1,-1,0,NO,1,1,11,0,0,0,0,0,0,0,CAR,0,0,12,0,0,0,0,0,0,0,NYG,0,0,13,0,0,0,0,0,0,0,DAL,0,0,14,0,0,0,1,1,2,0,CHI,0.2,1,15,0,0,0,1,1,6,0,BUF,0.6,1,16,0,0,0,0,0,0,0,PHI,0,0,17,0,0,0,1,1,7,0,DAL,0.7,1,Season,6,14,0,6,6,22,0,3.6,9
Darren McFadden,DAL,1,6,16,0,1,1,19,0,NYG,3.5,1,2,10,31,0,2,2,21,0,PHI,5.2,1,3,6,35,1,0,0,0,0,ATL,9.5,1,4,10,31,0,0,0,0,0,NO,3.1,1,5,5,16,0,10,9,62,0,NE,7.8,1,6,0,0,0,0,0,0,0,bye,0,0,7,29,152,1,2,2,10,0,NYG,22.2,1,8,20,64,0,8,6,49,0,SEA,11.3,1,9,27,117,0,2,1,5,0,PHI,12.2,1,10,17,32,0,4,3,26,0,TB,5.8,1,11,29,129,0,3,3,20,0,MIA,14.9,1,12,10,11,0,6,4,45,0,CAR,5.6,1,13,14,53,1,1,1,6,0,WAS,11.9,1,14,9,111,0,2,0,0,0,GB,11.1,1,15,16,100,0,3,2,13,0,NYJ,11.3,1,16,19,99,0,1,1,-1,0,BUF,9.8,1,17,12,92,0,8,5,53,0,WAS,14.5,1,Season,239,1089,3,53,40,328,0,159.7,16
Darren Sproles,PHI,1,5,50,0,9,7,76,0,ATL,12.6,1,2,1,-4,0,4,4,23,0,DAL,1.9,1,3,11,17,1,6,4,19,0,NYJ,9.6,1,4,4,17,0,3,0,0,0,WAS,1.7,1,5,5,27,0,2,1,10,0,NO,3.7,1,6,2,4,0,2,1,3,0,NYG,0.7,1,7,3,9,0,10,5,31,0,CAR,4,1,8,0,0,0,0,0,0,0,bye,0,0,9,5,23,0,3,2,3,0,DAL,2.6,1,10,3,0,0,6,5,34,0,MIA,3.4,1,11,6,21,0,7,3,38,1,TB,11.9,1,12,2,4,0,6,4,21,0,DET,2.5,1,13,15,66,0,6,4,34,0,NE,10,1,14,7,41,1,3,2,4,0,BUF,10.5,1,15,6,9,0,4,3,16,0,ARI,2.5,1,16,5,9,0,9,7,56,0,WAS,6.5,1,17,3,24,1,3,3,20,0,NYG,10.4,1,Season,83,317,3,83,55,388,1,94.5,16
David Cobb,TEN,1,0,0,0,0,0,0,0,TB,0,0,2,0,0,0,0,0,0,0,CLE,0,0,3,0,0,0,0,0,0,0,IND,0,0,4,0,0,0,0,0,0,0,bye,0,0,5,0,0,0,0,0,0,0,BUF,0,0,6,0,0,0,0,0,0,0,MIA,0,0,7,0,0,0,0,0,0,0,ATL,0,0,8,0,0,0,0,0,0,0,HOU,0,0,9,0,0,0,0,0,0,0,NO,0,0,10,0,0,0,0,0,0,0,CAR,0,0,11,4,-3,0,0,0,0,0,JAC,-0.3,1,12,3,8,0,1,0,0,0,OAK,0.8,1,13,13,40,0,0,0,0,0,JAC,4,1,14,2,1,0,0,0,0,0,NYJ,0.1,1,15,4,9,0,0,0,0,0,NE,0.9,1,16,7,18,0,1,1,-2,0,HOU,1.6,1,17,19,73,1,0,0,0,0,IND,13.3,1,Season,52,146,1,2,1,-2,0,20.4,7
David Johnson,ARI,1,0,0,0,2,1,55,1,NO,11.5,1,2,5,42,1,2,1,3,0,CHI,10.5,1,3,7,25,0,3,3,16,0,SF,4.1,1,4,3,18,0,10,4,63,1,STL,14.1,1,5,3,6,2,0,0,0,0,DET,12.6,1,6,3,9,0,1,1,8,0,PIT,1.7,1,7,3,5,0,2,2,19,0,BAL,2.4,1,8,1,4,0,2,2,44,0,CLE,4.8,1,9,0,0,0,0,0,0,0,bye,0,0,10,0,0,0,1,1,8,0,SEA,0.8,1,11,2,9,0,2,2,17,1,CIN,8.6,1,12,8,21,1,4,2,8,0,SF,8.9,1,13,22,99,0,3,2,21,1,STL,18,1,14,19,92,0,7,5,31,0,MIN,12.3,1,15,29,187,3,4,4,42,0,PHI,40.9,1,16,9,39,1,6,3,88,0,GB,18.7,1,17,11,25,0,8,3,34,0,SEA,5.9,1,Season,125,581,8,57,36,457,4,175.8,16
DeAngelo Williams,PIT,1,21,127,0,1,1,5,0,NE,13.2,1,2,20,77,3,5,4,15,0,SF,27.2,1,3,1,2,0,0,0,0,0,STL,0.2,1,4,2,5,0,0,0,0,0,BAL,0.5,1,5,5,20,0,0,0,0,0,SD,2,1,6,1,-1,0,0,0,0,0,ARI,-0.1,1,7,4,9,0,2,1,8,0,KC,1.7,1,8,9,71,0,4,4,39,0,CIN,11,1,9,27,170,2,4,2,55,0,OAK,34.5,1,10,17,54,0,2,1,15,0,CLE,6.9,1,11,0,0,0,0,0,0,0,bye,0,0,12,8,29,1,7,7,88,0,SEA,17.7,1,13,26,134,0,6,5,31,0,IND,16.5,1,14,23,76,2,2,2,15,0,CIN,21.1,1,15,14,26,1,6,5,30,0,DEN,11.6,1,16,17,100,2,6,6,53,0,BAL,27.3,1,17,5,8,0,2,2,13,0,CLE,2.1,1,Season,200,907,11,47,40,367,0,193.4,16
DeMarco Murray,PHI,1,8,9,1,5,4,11,1,ATL,14,1,2,13,2,0,5,5,53,0,DAL,5.5,1,3,0,0,0,0,0,0,0,NYJ,0,0,4,8,36,0,2,2,12,0,WAS,4.8,1,5,20,83,1,8,7,37,0,NO,18,1,6,22,109,1,4,3,14,0,NYG,18.3,1,7,18,65,0,4,2,5,0,CAR,7,1,8,0,0,0,0,0,0,0,bye,0,0,9,18,83,1,7,6,78,0,DAL,22.1,1,10,22,61,0,8,6,58,0,MIA,11.9,1,11,13,64,0,5,4,27,0,TB,9.1,1,12,14,30,0,0,0,0,0,DET,3,1,13,8,24,0,0,0,0,0,NE,2.4,1,14,11,34,0,2,2,3,0,BUF,3.7,1,15,2,3,0,0,0,0,0,ARI,0.3,1,16,5,27,1,4,3,24,0,WAS,11.1,1,17,12,69,1,1,0,0,0,NYG,12.9,1,Season,194,699,6,55,44,322,1,144.1,15
Denard Robinson,JAC,1,5,19,0,2,2,26,0,CAR,4.5,1,2,1,9,0,0,0,0,0,MIA,0.9,1,3,0,0,0,0,0,0,0,NE,0,0,4,0,0,0,0,0,0,0,IND,0,0,5,0,0,0,0,0,0,0,TB,0,0,6,7,19,0,3,3,19,0,HOU,3.8,1,7,0,0,0,0,0,0,0,BUF,0,0,8,0,0,0,0,0,0,0,bye,0,0,9,1,2,0,1,0,0,0,NYJ,0.2,1,10,1,1,0,2,0,0,0,BAL,0.1,1,11,7,27,0,0,0,0,0,TEN,2.7,1,12,3,23,0,1,1,9,0,SD,3.2,1,13,3,21,0,1,1,2,0,TEN,2.3,1,14,14,75,1,2,1,12,0,IND,14.7,1,15,14,28,0,10,8,46,0,ATL,7.4,1,16,6,20,0,7,5,51,0,NO,7.1,1,17,5,9,0,1,0,0,0,HOU,0.9,1,Season,67,253,1,30,21,165,0,47.8,12
Derrick Coleman,SEA,1,1,2,0,0,0,0,0,STL,0.2,1,2,0,0,0,1,1,0,0,GB,0,1,3,0,0,0,0,0,0,0,CHI,0,0,4,0,0,0,0,0,0,0,DET,0,0,5,0,0,0,0,0,0,0,CIN,0,0,6,0,0,0,0,0,0,0,CAR,0,0,7,0,0,0,0,0,0,0,SF,0,0,8,0,0,0,0,0,0,0,DAL,0,0,9,0,0,0,0,0,0,0,bye,0,0,10,0,0,0,0,0,0,0,ARI,0,0,11,0,0,0,0,0,0,0,SF,0,0,12,1,1,0,0,0,0,0,PIT,0.1,1,13,0,0,0,0,0,0,0,MIN,0,0,14,1,19,0,0,0,0,0,BAL,1.9,1,15,5,10,0,0,0,0,0,CLE,1,1,16,0,0,0,0,0,0,0,STL,0,0,17,0,0,0,0,0,0,0,ARI,0,0,Season,8,32,0,1,1,0,0,3.2,5
Devonta Freeman,ATL,1,10,18,0,4,3,29,0,PHI,4.7,1,2,12,25,1,8,4,34,0,NYG,11.9,1,3,30,141,3,5,5,52,0,DAL,37.3,1,4,14,68,3,6,5,81,0,HOU,32.9,1,5,27,153,1,8,7,44,0,WAS,25.7,1,6,13,100,1,10,8,56,1,NO,27.6,1,7,25,116,0,3,2,14,0,TEN,13,1,8,21,88,0,8,6,43,0,TB,13.1,1,9,12,12,0,10,8,67,1,SF,13.9,1,10,0,0,0,0,0,0,0,bye,0,0,11,3,43,0,0,0,0,0,IND,4.3,1,12,0,0,0,0,0,0,0,MIN,0,0,13,14,47,0,11,10,56,0,TB,10.3,1,14,12,40,0,5,3,22,0,CAR,6.2,1,15,25,56,1,10,7,45,0,JAC,16.1,1,16,22,73,1,5,3,17,0,CAR,15,1,17,24,81,0,4,2,18,1,NO,15.9,1,Season,264,1061,11,97,73,578,3,247.9,15
Dexter McCluster,TEN,1,2,8,0,0,0,0,0,TB,0.8,1,2,10,98,0,4,4,26,0,CLE,12.4,1,3,5,7,0,2,1,35,0,IND,4.2,1,4,0,0,0,0,0,0,0,bye,0,0,5,8,20,0,1,1,-2,0,BUF,1.8,1,6,5,23,0,4,3,19,1,MIA,10.2,1,7,5,20,0,8,6,48,0,ATL,6.8,1,8,3,15,0,6,4,23,0,HOU,3.8,1,9,8,19,0,4,2,28,0,NO,4.7,1,10,3,25,1,5,4,27,0,CAR,11.2,1,11,2,0,0,2,2,18,0,JAC,1.8,1,12,0,0,0,0,0,0,0,OAK,0,0,13,0,0,0,0,0,0,0,JAC,0,0,14,4,12,0,5,4,38,0,NYJ,5,1,15,0,0,0,0,0,0,0,NE,0,0,16,0,0,0,0,0,0,0,HOU,0,0,17,0,0,0,0,0,0,0,IND,0,0,Season,55,247,1,41,31,260,1,62.7,11
Dion Lewis,NE,1,15,69,0,5,4,51,0,PIT,12,1,2,7,40,1,9,6,98,0,BUF,19.8,1,3,8,37,1,5,5,30,0,JAC,12.7,1,4,0,0,0,0,0,0,0,bye,0,0,5,6,34,0,11,8,59,1,DAL,15.3,1,6,4,21,0,6,3,18,0,IND,3.9,1,7,0,0,0,0,0,0,0,NYJ,0,0,8,5,19,0,9,6,93,1,MIA,17.2,1,9,4,14,0,5,4,39,0,WAS,5.3,1,10,0,0,0,0,0,0,0,NYG,0,0,11,0,0,0,0,0,0,0,BUF,0,0,12,0,0,0,0,0,0,0,DEN,0,0,13,0,0,0,0,0,0,0,PHI,0,0,14,0,0,0,0,0,0,0,HOU,0,0,15,0,0,0,0,0,0,0,TEN,0,0,16,0,0,0,0,0,0,0,NYJ,0,0,17,0,0,0,0,0,0,0,MIA,0,0,Season,49,234,2,50,36,388,2,86.2,7
Donald Brown,SD,1,0,0,0,0,0,0,0,DET,0,0,2,0,0,0,0,0,0,0,CIN,0,0,3,0,0,0,0,0,0,0,MIN,0,0,4,0,0,0,0,0,0,0,CLE,0,0,5,0,0,0,0,0,0,0,PIT,0,0,6,0,0,0,0,0,0,0,GB,0,0,7,0,0,0,0,0,0,0,OAK,0,0,8,0,0,0,0,0,0,0,BAL,0,0,9,2,13,0,0,0,0,0,CHI,1.3,1,10,0,0,0,0,0,0,0,bye,0,0,11,0,0,0,0,0,0,0,KC,0,0,12,3,2,0,2,0,0,0,JAC,0.2,1,13,7,26,0,1,1,31,0,DEN,5.7,1,14,0,0,0,0,0,0,0,KC,0,0,15,12,90,0,3,2,14,0,MIA,10.4,1,16,14,17,1,4,3,33,0,OAK,11,1,17,21,81,0,3,2,10,0,DEN,9.1,1,Season,59,229,1,13,8,88,0,37.7,6
Doug Martin,TB,1,11,52,0,1,1,2,0,TEN,5.4,1,2,21,78,0,2,2,20,0,NO,9.8,1,3,14,46,0,0,0,0,0,HOU,4.6,1,4,20,106,1,5,5,37,0,CAR,20.3,1,5,24,123,2,3,3,35,1,JAC,33.8,1,6,0,0,0,0,0,0,0,bye,0,0,7,19,136,0,3,3,35,0,WAS,17.1,1,8,23,71,0,1,1,7,0,ATL,7.8,1,9,11,31,0,4,2,12,0,NYG,4.3,1,10,18,63,0,4,4,40,0,DAL,10.3,1,11,27,235,0,1,0,0,0,PHI,23.5,1,12,14,97,0,3,1,1,0,IND,9.8,1,13,25,95,1,2,1,5,0,ATL,16,1,14,11,81,1,3,1,5,0,NO,14.6,1,15,18,91,0,2,1,6,0,STL,9.7,1,16,17,49,1,3,1,6,0,CHI,11.5,1,17,15,48,0,7,7,60,0,CAR,10.8,1,Season,288,1402,6,44,33,271,1,209.3,16
DuJuan Harris,SEA,1,0,0,0,0,0,0,0,STL,0,0,2,0,0,0,0,0,0,0,GB,0,0,3,0,0,0,0,0,0,0,CHI,0,0,4,0,0,0,0,0,0,0,DET,0,0,5,0,0,0,0,0,0,0,CIN,0,0,6,0,0,0,0,0,0,0,CAR,0,0,7,0,0,0,0,0,0,0,SF,0,0,8,0,0,0,0,0,0,0,DAL,0,0,9,0,0,0,0,0,0,0,bye,0,0,10,0,0,0,0,0,0,0,ARI,0,0,11,0,0,0,0,0,0,0,SF,0,0,12,0,0,0,0,0,0,0,PIT,0,0,13,3,7,0,0,0,0,0,MIN,0.7,1,14,18,42,0,0,0,0,0,BAL,4.2,1,15,0,0,0,0,0,0,0,CLE,0,0,16,11,73,0,2,1,11,0,STL,8.4,1,17,16,67,0,12,8,86,0,ARI,15.3,1,Season,48,189,0,14,9,97,0,28.6,4
Duke Johnson,CLE,1,7,22,0,0,0,0,0,NYJ,2.2,1,2,12,43,0,0,0,0,0,TEN,4.3,1,3,4,3,0,7,6,32,0,OAK,3.5,1,4,8,31,0,10,9,85,1,SD,17.6,1,5,9,22,0,8,6,55,0,BAL,7.7,1,6,9,38,0,4,3,18,0,DEN,5.6,1,7,6,17,0,7,7,73,0,STL,9,1,8,1,3,0,2,2,68,0,ARI,7.1,1,9,3,0,0,4,2,38,1,CIN,9.8,1,10,4,10,0,4,4,18,0,PIT,2.8,1,11,0,0,0,0,0,0,0,bye,0,0,12,7,27,0,6,5,23,0,BAL,5,1,13,5,2,0,4,4,30,0,CIN,3.2,1,14,13,78,0,3,1,6,0,SF,8.4,1,15,4,46,0,5,5,39,0,SEA,8.5,1,16,8,26,0,4,3,15,0,KC,4.1,1,17,4,11,0,6,4,34,0,PIT,4.5,1,Season,104,379,0,74,61,534,2,103.3,16
Eddie Lacy,GB,1,19,85,1,3,2,14,0,CHI,15.9,1,2,3,9,0,0,0,0,0,SEA,0.9,1,3,10,46,0,3,3,41,0,KC,8.7,1,4,18,90,0,3,1,3,0,SF,9.3,1,5,13,27,0,1,1,8,0,STL,3.5,1,6,4,3,0,2,2,17,0,SD,2,1,7,0,0,0,0,0,0,0,bye,0,0,8,11,38,1,2,1,9,0,DEN,10.7,1,9,5,10,0,1,0,0,0,CAR,1,1,10,0,0,0,0,0,0,0,DET,0,0,11,22,100,0,2,1,6,0,MIN,10.6,1,12,17,105,0,5,4,34,1,CHI,19.9,1,13,5,4,0,1,1,-3,0,DET,0.1,1,14,24,124,1,1,1,24,0,DAL,20.8,1,15,11,23,0,0,0,0,0,OAK,2.3,1,16,12,60,0,2,1,28,1,ARI,14.8,1,17,13,34,0,2,2,7,0,MIN,4.1,1,Season,187,758,3,28,20,188,2,124.6,15
Fitzgerald Toussaint,PIT,1,0,0,0,0,0,0,0,NE,0,0,2,0,0,0,0,0,0,0,SF,0,0,3,0,0,0,0,0,0,0,STL,0,0,4,0,0,0,0,0,0,0,BAL,0,0,5,0,0,0,0,0,0,0,SD,0,0,6,0,0,0,0,0,0,0,ARI,0,0,7,0,0,0,0,0,0,0,KC,0,0,8,0,0,0,0,0,0,0,CIN,0,0,9,0,0,0,0,0,0,0,OAK,0,0,10,0,0,0,0,0,0,0,CLE,0,0,11,0,0,0,0,0,0,0,bye,0,0,12,0,0,0,0,0,0,0,SEA,0,0,13,4,12,0,0,0,0,0,IND,1.2,1,14,0,0,0,0,0,0,0,CIN,0,0,15,0,0,0,0,0,0,0,DEN,0,0,16,2,6,0,0,0,0,0,BAL,0.6,1,17,12,24,0,0,0,0,0,CLE,2.4,1,Season,18,42,0,0,0,0,0,4.2,3
Fozzy Whittaker,CAR,1,2,2,0,2,2,3,0,JAC,0.5,1,2,1,3,0,0,0,0,0,HOU,0.3,1,3,0,0,0,1,1,14,0,NO,1.4,1,4,0,0,0,2,1,10,0,TB,1,1,5,0,0,0,0,0,0,0,bye,0,0,6,1,2,0,2,2,21,0,SEA,2.3,1,7,0,0,0,1,0,0,0,PHI,0,1,8,1,3,0,1,0,0,0,IND,0.3,1,9,2,13,0,0,0,0,0,GB,1.3,1,10,0,0,0,0,0,0,0,TEN,0,0,11,2,6,0,1,1,2,0,WAS,0.8,1,12,0,0,0,0,0,0,0,DAL,0,0,13,1,11,0,0,0,0,0,NO,1.1,1,14,8,34,1,1,1,-6,0,ATL,8.8,1,15,2,2,0,2,2,14,0,NYG,1.6,1,16,5,32,0,2,2,6,0,ATL,3.8,1,17,0,0,0,0,0,0,0,TB,0,0,Season,25,108,1,15,12,64,0,23.2,13
Frank Gore,IND,1,8,31,0,3,2,0,0,BUF,3.1,1,2,15,57,0,1,1,4,0,NYJ,6.1,1,3,14,86,2,2,1,8,0,TEN,21.4,1,4,17,53,0,7,5,34,0,JAC,8.7,1,5,22,98,1,0,0,0,0,HOU,15.8,1,6,13,78,0,3,2,16,0,NE,9.4,1,7,9,43,0,8,5,32,0,NO,7.5,1,8,22,70,0,3,3,22,0,CAR,9.2,1,9,28,83,1,3,1,19,0,DEN,16.2,1,10,0,0,0,0,0,0,0,bye,0,0,11,14,34,0,5,5,46,0,ATL,8,1,12,19,24,0,3,2,13,0,TB,3.7,1,13,13,45,0,5,3,49,1,PIT,15.4,1,14,16,60,0,5,1,-1,0,JAC,5.9,1,15,16,44,0,2,1,15,0,HOU,5.9,1,16,15,85,2,4,2,10,0,MIA,21.5,1,17,19,76,0,4,0,0,0,TEN,7.6,1,Season,260,967,6,58,34,267,1,165.4,16
Fred Jackson,SEA,1,3,13,0,1,1,16,0,STL,2.9,1,2,0,0,0,2,2,16,1,GB,7.6,1,3,2,13,0,2,2,9,0,CHI,2.2,1,4,3,21,0,4,2,33,0,DET,5.4,1,5,2,5,0,3,3,29,0,CIN,3.4,1,6,0,0,0,2,2,7,0,CAR,0.7,1,7,1,2,0,4,4,33,0,SF,3.5,1,8,0,0,0,1,1,9,0,DAL,0.9,1,9,0,0,0,0,0,0,0,bye,0,0,10,0,0,0,0,0,0,0,ARI,0,0,11,4,11,0,2,2,11,0,SF,2.2,1,12,1,4,0,2,2,7,0,PIT,1.1,1,13,1,5,0,2,2,13,1,MIN,7.8,1,14,7,15,0,4,1,8,0,BAL,2.3,1,15,0,0,0,3,2,17,0,CLE,1.7,1,16,2,11,0,8,5,43,0,STL,5.4,1,17,0,0,0,1,1,6,0,ARI,0.6,1,Season,26,100,0,41,32,257,2,47.7,15
George Winn,DET,1,0,0,0,0,0,0,0,SD,0,0,2,0,0,0,0,0,0,0,MIN,0,0,3,0,0,0,0,0,0,0,DEN,0,0,4,0,0,0,0,0,0,0,SEA,0,0,5,0,0,0,0,0,0,0,ARI,0,0,6,0,0,0,0,0,0,0,CHI,0,0,7,1,0,0,0,0,0,0,MIN,0,1,8,0,0,0,0,0,0,0,KC,0,0,9,0,0,0,0,0,0,0,bye,0,0,10,0,0,0,0,0,0,0,GB,0,0,11,0,0,0,0,0,0,0,OAK,0,0,12,3,1,0,0,0,0,0,PHI,0.1,1,13,0,0,0,0,0,0,0,GB,0,0,14,0,0,0,0,0,0,0,STL,0,0,15,0,0,0,0,0,0,0,NO,0,0,16,0,0,0,0,0,0,0,SF,0,0,17,0,0,0,0,0,0,0,CHI,0,0,Season,4,1,0,0,0,0,0,0.1,2
Giovani Bernard,CIN,1,8,63,0,6,6,25,0,OAK,8.8,1,2,20,123,0,3,3,16,0,SD,13.9,1,3,13,49,0,4,3,34,0,BAL,8.3,1,4,13,62,1,0,0,0,0,KC,12.2,1,5,15,80,0,8,5,21,0,SEA,10.1,1,6,8,50,1,2,1,23,0,BUF,13.3,1,7,0,0,0,0,0,0,0,bye,0,0,8,1,12,0,3,2,22,0,PIT,3.4,1,9,13,72,0,1,1,14,0,CLE,8.6,1,10,8,36,0,8,5,43,0,HOU,7.9,1,11,6,18,0,10,8,128,0,ARI,14.6,1,12,10,16,0,3,2,51,0,STL,6.7,1,13,5,26,0,1,1,9,0,CLE,3.5,1,14,6,40,0,5,3,27,0,PIT,6.7,1,15,14,33,0,4,4,18,0,SF,5.1,1,16,8,14,0,5,4,29,0,DEN,4.3,1,17,6,36,0,3,1,12,0,BAL,4.8,1,Season,154,730,2,66,49,472,0,132.2,16
Glenn Winston,CLE,1,0,0,0,0,0,0,0,NYJ,0,0,2,0,0,0,0,0,0,0,TEN,0,0,3,0,0,0,0,0,0,0,OAK,0,0,4,0,0,0,0,0,0,0,SD,0,0,5,0,0,0,0,0,0,0,BAL,0,0,6,0,0,0,0,0,0,0,DEN,0,0,7,0,0,0,0,0,0,0,STL,0,0,8,0,0,0,0,0,0,0,ARI,0,0,9,0,0,0,0,0,0,0,CIN,0,0,10,0,0,0,0,0,0,0,PIT,0,0,11,0,0,0,0,0,0,0,bye,0,0,12,0,0,0,0,0,0,0,BAL,0,0,13,0,0,0,0,0,0,0,CIN,0,0,14,1,-8,0,0,0,0,0,SF,-0.8,1,15,0,0,0,0,0,0,0,SEA,0,0,16,0,0,0,0,0,0,0,KC,0,0,17,0,0,0,0,0,0,0,PIT,0,0,Season,1,-8,0,0,0,0,0,-0.8,1
Isaiah Crowell,CLE,1,12,20,0,2,2,13,0,NYJ,3.3,1,2,15,72,1,0,0,0,0,TEN,13.2,1,3,10,36,0,0,0,0,0,OAK,3.6,1,4,12,63,0,3,3,62,0,SD,12.5,1,5,13,49,0,2,2,38,1,BAL,14.7,1,6,11,32,0,2,2,9,0,DEN,4.1,1,7,8,9,0,0,0,0,0,STL,0.9,1,8,10,14,0,2,1,12,0,ARI,2.6,1,9,10,38,0,4,3,26,0,CIN,6.4,1,10,6,-5,0,2,1,4,0,PIT,-0.1,1,11,0,0,0,0,0,0,0,bye,0,0,12,7,7,0,0,0,0,0,BAL,0.7,1,13,11,62,0,1,1,2,0,CIN,6.4,1,14,20,145,2,1,1,9,0,SF,27.4,1,15,9,23,0,3,3,7,0,SEA,3,1,16,16,88,1,0,0,0,0,KC,14.8,1,17,15,53,0,0,0,0,0,PIT,5.3,1,Season,185,706,4,22,19,182,1,118.8,16
Isaiah Pead,STL,1,2,3,0,0,0,0,0,SEA,0.3,1,2,0,0,0,0,0,0,0,WAS,0,0,3,0,0,0,0,0,0,0,PIT,0,0,4,0,0,0,0,0,0,0,ARI,0,0,5,0,0,0,0,0,0,0,GB,0,0,6,0,0,0,0,0,0,0,bye,0,0,7,0,0,0,0,0,0,0,CLE,0,0,8,0,0,0,0,0,0,0,SF,0,0,9,0,0,0,0,0,0,0,MIN,0,0,10,0,0,0,0,0,0,0,CHI,0,0,11,0,0,0,0,0,0,0,BAL,0,0,12,0,0,0,0,0,0,0,CIN,0,0,13,0,0,0,0,0,0,0,ARI,0,0,14,0,0,0,0,0,0,0,DET,0,0,15,0,0,0,0,0,0,0,TB,0,0,16,0,0,0,0,0,0,0,SEA,0,0,17,0,0,0,0,0,0,0,SF,0,0,Season,2,3,0,0,0,0,0,0.3,1
Jacquizz Rodgers,CHI,1,4,16,0,0,0,0,0,GB,1.6,1,2,2,8,0,0,0,0,0,ARI,0.8,1,3,4,11,0,1,1,10,0,SEA,2.1,1,4,2,3,0,1,0,0,0,OAK,0.3,1,5,2,3,0,0,0,0,0,KC,0.3,1,6,0,0,0,0,0,0,0,DET,0,0,7,0,0,0,0,0,0,0,bye,0,0,8,0,0,0,0,0,0,0,MIN,0,0,9,0,0,0,0,0,0,0,SD,0,0,10,0,0,0,0,0,0,0,STL,0,0,11,0,0,0,0,0,0,0,DEN,0,0,12,0,0,0,0,0,0,0,GB,0,0,13,0,0,0,0,0,0,0,SF,0,0,14,0,0,0,0,0,0,0,WAS,0,0,15,0,0,0,0,0,0,0,MIN,0,0,16,0,0,0,0,0,0,0,TB,0,0,17,0,0,0,0,0,0,0,DET,0,0,Season,14,41,0,2,1,10,0,5.1,5
Jalston Fowler,TEN,1,0,0,0,0,0,0,0,TB,0,0,2,1,3,0,1,1,19,0,CLE,2.2,1,3,4,9,1,0,0,0,0,IND,6.9,1,4,0,0,0,0,0,0,0,bye,0,0,5,0,0,0,0,0,0,0,BUF,0,0,6,0,0,0,0,0,0,0,MIA,0,0,7,0,0,0,0,0,0,0,ATL,0,0,8,0,0,0,0,0,0,0,HOU,0,0,9,0,0,0,0,0,0,0,NO,0,0,10,0,0,0,1,1,14,0,CAR,1.4,1,11,0,0,0,1,1,2,0,JAC,0.2,1,12,1,1,0,1,1,1,1,OAK,6.2,1,13,0,0,0,0,0,0,0,JAC,0,0,14,0,0,0,0,0,0,0,NYJ,0,0,15,1,0,0,1,1,8,0,NE,0.8,1,16,0,0,0,0,0,0,0,HOU,0,0,17,0,0,0,1,0,0,0,IND,0,1,Season,7,13,1,6,5,44,1,17.7,7
Jamaal Charles,KC,1,16,57,0,8,5,46,1,HOU,16.3,1,2,21,125,1,5,4,2,0,DEN,18.7,1,3,11,49,3,7,5,33,0,GB,26.2,1,4,11,75,0,6,6,70,0,CIN,14.5,1,5,12,58,0,4,1,26,0,CHI,8.4,1,6,0,0,0,0,0,0,0,MIN,0,0,7,0,0,0,0,0,0,0,PIT,0,0,8,0,0,0,0,0,0,0,DET,0,0,9,0,0,0,0,0,0,0,bye,0,0,10,0,0,0,0,0,0,0,DEN,0,0,11,0,0,0,0,0,0,0,SD,0,0,12,0,0,0,0,0,0,0,BUF,0,0,13,0,0,0,0,0,0,0,OAK,0,0,14,0,0,0,0,0,0,0,SD,0,0,15,0,0,0,0,0,0,0,BAL,0,0,16,0,0,0,0,0,0,0,CLE,0,0,17,0,0,0,0,0,0,0,OAK,0,0,Season,71,364,4,30,21,177,1,84.1,5
James Starks,GB,1,2,2,0,0,0,0,0,CHI,0.2,1,2,20,95,0,4,4,11,0,SEA,10.6,1,3,17,32,0,1,1,19,0,KC,5.1,1,4,9,28,0,2,2,11,0,SF,3.9,1,5,5,17,0,6,3,29,0,STL,4.6,1,6,10,112,1,2,1,5,1,SD,23.7,1,7,0,0,0,0,0,0,0,bye,0,0,8,5,9,0,2,2,9,0,DEN,1.8,1,9,10,39,0,8,6,83,1,CAR,18.2,1,10,15,42,0,7,6,54,0,DET,9.6,1,11,8,14,0,1,1,30,0,MIN,4.4,1,12,7,39,0,5,4,41,0,CHI,8,1,13,9,15,0,7,5,45,0,DET,6,1,14,11,71,1,4,4,32,1,DAL,22.3,1,15,9,51,0,1,1,5,0,OAK,5.6,1,16,3,11,0,0,0,0,0,ARI,1.1,1,17,8,24,0,3,3,18,0,MIN,4.2,1,Season,148,601,2,53,43,392,3,129.3,16
James White,NE,1,0,0,0,0,0,0,0,PIT,0,0,2,0,0,0,0,0,0,0,BUF,0,0,3,2,8,0,4,4,26,0,JAC,3.4,1,4,0,0,0,0,0,0,0,bye,0,0,5,0,0,0,0,0,0,0,DAL,0,0,6,0,0,0,1,0,0,0,IND,0,1,7,2,4,0,5,3,26,0,NYJ,3,1,8,3,3,0,0,0,0,0,MIA,0.3,1,9,0,0,0,0,0,0,0,WAS,0,0,10,1,5,0,1,1,6,0,NYG,1.1,1,11,2,14,1,3,2,32,1,BUF,16.6,1,12,3,1,0,5,2,5,0,DEN,0.6,1,13,2,4,0,13,10,115,1,PHI,17.9,1,14,1,2,1,6,4,38,0,HOU,10,1,15,1,6,0,8,7,71,1,TEN,13.7,1,16,2,4,0,5,5,28,1,NYJ,9.2,1,17,3,5,0,3,2,63,0,MIA,6.8,1,Season,22,56,2,54,40,410,4,82.6,12
Jamize Olawale,OAK,1,1,6,0,3,3,19,0,CIN,2.5,1,2,0,0,0,0,0,0,0,BAL,0,0,3,0,0,0,0,0,0,0,CLE,0,0,4,1,-1,0,0,0,0,0,CHI,-0.1,1,5,6,13,0,0,0,0,0,DEN,1.3,1,6,0,0,0,0,0,0,0,bye,0,0,7,2,4,0,0,0,0,0,SD,0.4,1,8,0,0,0,0,0,0,0,NYJ,0,0,9,1,19,1,0,0,0,0,PIT,7.9,1,10,5,24,0,3,3,35,0,MIN,5.9,1,11,4,12,0,1,1,15,0,DET,2.7,1,12,2,17,0,1,0,0,0,TEN,1.7,1,13,2,16,0,2,1,1,0,KC,1.7,1,14,0,0,0,0,0,0,0,DEN,0,0,15,0,0,0,0,0,0,0,GB,0,0,16,0,0,0,0,0,0,0,SD,0,0,17,0,0,0,1,1,14,0,KC,1.4,1,Season,24,110,1,11,9,84,0,25.4,10
Jarryd Hayne,SF,1,4,13,0,1,1,7,0,MIN,2,1,2,2,3,0,0,0,0,0,PIT,0.3,1,3,0,0,0,0,0,0,0,ARI,0,0,4,0,0,0,0,0,0,0,GB,0,0,5,2,9,0,0,0,0,0,NYG,0.9,1,6,0,0,0,0,0,0,0,BAL,0,0,7,0,0,0,0,0,0,0,SEA,0,0,8,0,0,0,0,0,0,0,STL,0,0,9,0,0,0,0,0,0,0,ATL,0,0,10,0,0,0,0,0,0,0,bye,0,0,11,0,0,0,0,0,0,0,SEA,0,0,12,0,0,0,0,0,0,0,ARI,0,0,13,0,0,0,0,0,0,0,CHI,0,0,14,0,0,0,0,0,0,0,CLE,0,0,15,0,0,0,0,0,0,0,CIN,0,0,16,9,27,0,6,5,20,0,DET,4.7,1,17,0,0,0,0,0,0,0,STL,0,0,Season,17,52,0,7,6,27,0,7.9,4
Javorius Allen,BAL,1,9,30,0,1,1,4,0,DEN,3.4,1,2,1,5,0,1,1,2,0,OAK,0.7,1,3,3,12,0,0,0,0,0,CIN,1.2,1,4,5,19,0,0,0,0,0,PIT,1.9,1,5,8,58,0,1,0,0,0,CLE,5.8,1,6,4,13,0,3,1,8,0,SF,2.1,1,7,3,25,0,1,1,10,0,ARI,3.5,1,8,4,1,0,4,3,30,0,SD,3.1,1,9,0,0,0,0,0,0,0,bye,0,0,10,5,19,0,2,1,4,0,JAC,2.3,1,11,22,67,0,6,5,48,0,STL,11.5,1,12,12,55,0,5,4,29,1,CLE,14.4,1,13,17,63,0,13,12,107,1,MIA,23,1,14,8,14,0,9,5,44,0,SEA,5.8,1,15,4,18,0,1,0,0,0,KC,1.8,1,16,18,79,1,5,5,35,0,PIT,17.4,1,17,15,38,0,10,6,32,0,CIN,7,1,Season,138,516,1,62,45,353,2,104.9,16
Jay Ajayi,MIA,1,0,0,0,0,0,0,0,WAS,0,0,2,0,0,0,0,0,0,0,JAC,0,0,3,0,0,0,0,0,0,0,BUF,0,0,4,0,0,0,0,0,0,0,NYJ,0,0,5,0,0,0,0,0,0,0,bye,0,0,6,0,0,0,0,0,0,0,TEN,0,0,7,0,0,0,0,0,0,0,HOU,0,0,8,0,0,0,0,0,0,0,NE,0,0,9,5,41,0,0,0,0,0,BUF,4.1,1,10,6,48,0,0,0,0,0,PHI,4.8,1,11,4,13,0,2,2,23,0,DAL,3.6,1,12,3,6,0,6,4,52,0,NYJ,5.8,1,13,4,12,0,0,0,0,0,BAL,1.2,1,14,5,15,0,0,0,0,0,NYG,1.5,1,15,6,27,1,3,1,15,0,SD,10.2,1,16,9,23,0,0,0,0,0,IND,2.3,1,17,7,2,0,0,0,0,0,NE,0.2,1,Season,49,187,1,11,7,90,0,33.7,9
Jay Prosch,HOU,1,0,0,0,0,0,0,0,KC,0,0,2,1,4,0,0,0,0,0,CAR,0.4,1,3,3,24,0,1,0,0,0,TB,2.4,1,4,0,0,0,0,0,0,0,ATL,0,0,5,0,0,0,0,0,0,0,IND,0,0,6,0,0,0,0,0,0,0,JAC,0,0,7,0,0,0,0,0,0,0,MIA,0,0,8,0,0,0,0,0,0,0,TEN,0,0,9,0,0,0,0,0,0,0,bye,0,0,10,0,0,0,0,0,0,0,CIN,0,0,11,1,3,0,0,0,0,0,NYJ,0.3,1,12,0,0,0,0,0,0,0,NO,0,0,13,0,0,0,0,0,0,0,BUF,0,0,14,0,0,0,0,0,0,0,NE,0,0,15,1,2,0,0,0,0,0,IND,0.2,1,16,0,0,0,0,0,0,0,TEN,0,0,17,0,0,0,0,0,0,0,JAC,0,0,Season,6,33,0,1,0,0,0,3.3,4
Jeremy Hill,CIN,1,19,63,2,0,0,0,0,OAK,18.3,1,2,10,39,0,1,1,2,0,SD,4.1,1,3,12,21,0,0,0,0,0,BAL,2.1,1,4,9,40,3,0,0,0,0,KC,22,1,5,8,13,0,2,1,12,0,SEA,2.5,1,6,16,56,0,1,1,13,1,BUF,12.9,1,7,0,0,0,0,0,0,0,bye,0,0,8,15,60,0,1,1,8,0,PIT,6.8,1,9,15,52,0,1,1,0,0,CLE,5.2,1,10,7,15,0,3,3,5,0,HOU,2,1,11,13,45,2,0,0,0,0,ARI,16.5,1,12,16,86,0,1,1,14,0,STL,10,1,13,22,98,1,1,0,0,0,CLE,15.8,1,14,7,16,0,2,2,8,0,PIT,2.4,1,15,19,31,2,1,0,0,0,SF,15.1,1,16,19,63,0,2,2,-2,0,DEN,6.1,1,17,16,96,1,3,2,19,0,BAL,17.5,1,Season,223,794,11,19,15,79,1,159.3,16
Jeremy Langford,CHI,1,1,1,0,0,0,0,0,GB,0.1,1,2,6,21,1,0,0,0,0,ARI,8.1,1,3,0,0,0,0,0,0,0,SEA,0,0,4,1,4,0,0,0,0,0,OAK,0.4,1,5,2,-2,0,2,1,14,0,KC,1.2,1,6,5,10,1,2,1,17,0,DET,8.7,1,7,0,0,0,0,0,0,0,bye,0,0,8,12,46,0,1,0,0,0,MIN,4.6,1,9,18,72,1,4,3,70,0,SD,20.2,1,10,20,73,1,9,7,109,1,STL,30.2,1,11,13,25,1,6,3,17,0,DEN,10.2,1,12,12,48,1,3,1,5,0,GB,11.3,1,13,12,59,0,3,2,9,0,SF,6.8,1,14,11,37,0,7,3,27,0,WAS,6.4,1,15,11,46,0,3,1,11,0,MIN,5.7,1,16,19,83,0,2,0,0,0,TB,8.3,1,17,5,14,0,0,0,0,0,DET,1.4,1,Season,148,537,6,42,22,279,1,123.6,15
Jerick McKinnon,MIN,1,3,20,0,2,2,8,0,SF,2.8,1,2,3,6,0,0,0,0,0,DET,0.6,1,3,6,18,0,1,0,0,0,SD,1.8,1,4,1,6,0,0,0,0,0,DEN,0.6,1,5,0,0,0,0,0,0,0,bye,0,0,6,1,2,0,0,0,0,0,KC,0.2,1,7,9,36,0,1,1,1,0,DET,3.7,1,8,2,18,0,0,0,0,0,CHI,1.8,1,9,0,0,0,2,2,11,0,STL,1.1,1,10,0,0,0,2,1,7,0,OAK,0.7,1,11,0,0,0,3,2,15,0,GB,1.5,1,12,5,33,0,0,0,0,0,ATL,3.3,1,13,4,18,0,6,3,6,0,SEA,2.4,1,14,0,0,0,1,1,8,0,ARI,0.8,1,15,7,10,0,4,4,76,1,CHI,14.6,1,16,7,89,2,3,2,8,0,NYG,21.7,1,17,4,15,0,4,3,33,0,GB,4.8,1,Season,52,271,2,29,21,173,1,62.4,16
Jerome Felton,BUF,1,0,0,0,0,0,0,0,IND,0,0,2,0,0,0,0,0,0,0,NE,0,0,3,0,0,0,0,0,0,0,MIA,0,0,4,0,0,0,0,0,0,0,NYG,0,0,5,1,2,0,0,0,0,0,TEN,0.2,1,6,0,0,0,0,0,0,0,CIN,0,0,7,0,0,0,0,0,0,0,JAC,0,0,8,0,0,0,0,0,0,0,bye,0,0,9,0,0,0,0,0,0,0,MIA,0,0,10,0,0,0,0,0,0,0,NYJ,0,0,11,0,0,0,0,0,0,0,NE,0,0,12,0,0,0,1,1,12,0,KC,1.2,1,13,0,0,0,0,0,0,0,HOU,0,0,14,0,0,0,0,0,0,0,PHI,0,0,15,0,0,0,0,0,0,0,WAS,0,0,16,0,0,0,0,0,0,0,DAL,0,0,17,0,0,0,0,0,0,0,NYJ,0,0,Season,1,2,0,1,1,12,0,1.4,2
Joey Iosefa,NE,1,0,0,0,0,0,0,0,PIT,0,0,2,0,0,0,0,0,0,0,BUF,0,0,3,0,0,0,0,0,0,0,JAC,0,0,4,0,0,0,0,0,0,0,bye,0,0,5,0,0,0,0,0,0,0,DAL,0,0,6,0,0,0,0,0,0,0,IND,0,0,7,0,0,0,0,0,0,0,NYJ,0,0,8,0,0,0,0,0,0,0,MIA,0,0,9,0,0,0,0,0,0,0,WAS,0,0,10,0,0,0,0,0,0,0,NYG,0,0,11,0,0,0,0,0,0,0,BUF,0,0,12,0,0,0,0,0,0,0,DEN,0,0,13,0,0,0,0,0,0,0,PHI,0,0,14,0,0,0,0,0,0,0,HOU,0,0,15,14,51,0,0,0,0,0,TEN,5.1,1,16,1,0,0,0,0,0,0,NYJ,0,1,17,0,0,0,0,0,0,0,MIA,0,0,Season,15,51,0,0,0,0,0,5.1,2
John Crockett,GB,1,0,0,0,0,0,0,0,CHI,0,0,2,0,0,0,0,0,0,0,SEA,0,0,3,0,0,0,0,0,0,0,KC,0,0,4,0,0,0,0,0,0,0,SF,0,0,5,0,0,0,0,0,0,0,STL,0,0,6,0,0,0,0,0,0,0,SD,0,0,7,0,0,0,0,0,0,0,bye,0,0,8,0,0,0,0,0,0,0,DEN,0,0,9,0,0,0,0,0,0,0,CAR,0,0,10,0,0,0,0,0,0,0,DET,0,0,11,0,0,0,0,0,0,0,MIN,0,0,12,0,0,0,0,0,0,0,CHI,0,0,13,5,22,0,0,0,0,0,DET,2.2,1,14,0,0,0,0,0,0,0,DAL,0,0,15,0,0,0,0,0,0,0,OAK,0,0,16,4,-1,0,0,0,0,0,ARI,-0.1,1,17,0,0,0,0,0,0,0,MIN,0,0,Season,9,21,0,0,0,0,0,2.1,2
John Kuhn,GB,1,0,0,0,0,0,0,0,CHI,0,0,2,0,0,0,0,0,0,0,SEA,0,0,3,0,0,0,0,0,0,0,KC,0,0,4,1,1,1,1,1,8,0,SF,6.9,1,5,1,3,0,1,0,0,0,STL,0.3,1,6,0,0,0,2,2,20,0,SD,2,1,7,0,0,0,0,0,0,0,bye,0,0,8,0,0,0,0,0,0,0,DEN,0,0,9,0,0,0,0,0,0,0,CAR,0,0,10,0,0,0,1,0,0,0,DET,0,1,11,1,4,0,0,0,0,0,MIN,0.4,1,12,0,0,0,0,0,0,0,CHI,0,0,13,0,0,0,0,0,0,0,DET,0,0,14,1,2,0,2,1,14,0,DAL,1.6,1,15,3,12,1,1,0,0,0,OAK,7.2,1,16,1,3,0,0,0,0,0,ARI,0.3,1,17,1,3,0,2,2,14,0,MIN,1.7,1,Season,9,28,2,10,6,56,0,20.4,9
Joique Bell,DET,1,6,14,0,2,2,27,0,SD,4.1,1,2,4,2,0,2,2,16,0,MIN,1.8,1,3,10,6,1,1,1,-2,0,DEN,6.4,1,4,0,0,0,0,0,0,0,SEA,0,0,5,0,0,0,0,0,0,0,ARI,0,0,6,0,0,0,0,0,0,0,CHI,0,0,7,3,21,0,2,2,14,0,MIN,3.5,1,8,7,56,0,1,0,0,0,KC,5.6,1,9,0,0,0,0,0,0,0,bye,0,0,10,14,17,0,3,2,18,0,GB,3.5,1,11,6,22,0,1,1,18,0,OAK,4,1,12,7,25,1,3,2,57,0,PHI,14.2,1,13,8,5,0,2,2,25,0,GB,3,1,14,7,50,0,2,2,25,0,STL,7.5,1,15,8,71,1,3,2,30,0,NO,16.1,1,16,7,13,1,3,2,9,0,SF,8.2,1,17,3,9,0,2,2,49,0,CHI,5.8,1,Season,90,311,4,27,22,286,0,83.7,13
Jonas Gray,MIA,1,0,0,0,0,0,0,0,WAS,0,0,2,0,0,0,0,0,0,0,JAC,0,0,3,9,49,0,0,0,0,0,BUF,4.9,1,4,1,0,0,0,0,0,0,NYJ,0,1,5,0,0,0,0,0,0,0,bye,0,0,6,7,24,0,1,1,12,0,TEN,3.6,1,7,12,48,0,1,1,10,0,HOU,5.8,1,8,2,1,0,5,4,50,0,NE,5.1,1,9,0,0,0,0,0,0,0,BUF,0,0,10,0,0,0,0,0,0,0,PHI,0,0,11,0,0,0,0,0,0,0,DAL,0,0,12,0,0,0,0,0,0,0,NYJ,0,0,13,0,0,0,0,0,0,0,BAL,0,0,14,0,0,0,0,0,0,0,NYG,0,0,15,0,0,0,0,0,0,0,SD,0,0,16,5,31,0,0,0,0,0,IND,3.1,1,17,9,23,0,1,1,4,0,NE,2.7,1,Season,45,176,0,8,7,76,0,25.2,7
Jonathan Grimes,HOU,1,6,28,0,2,1,2,0,KC,3,1,2,2,7,0,7,6,40,0,CAR,4.7,1,3,6,19,0,4,4,19,0,TB,3.8,1,4,0,0,0,0,0,0,0,ATL,0,0,5,0,0,0,0,0,0,0,IND,0,0,6,0,0,0,0,0,0,0,JAC,0,0,7,0,0,0,1,0,0,0,MIA,0,1,8,0,0,0,3,2,12,0,TEN,1.2,1,9,0,0,0,0,0,0,0,bye,0,0,10,6,33,0,1,1,12,0,CIN,4.5,1,11,6,37,0,3,3,28,0,NYJ,6.5,1,12,7,25,0,1,1,8,0,NO,3.3,1,13,5,28,0,2,2,15,0,BUF,4.3,1,14,7,53,0,2,2,9,0,NE,6.2,1,15,1,1,0,0,0,0,0,IND,0.1,1,16,6,25,0,0,0,0,0,TEN,2.5,1,17,4,26,1,5,4,28,1,JAC,17.4,1,Season,56,282,1,31,26,173,1,57.5,13
Jonathan Stewart,CAR,1,18,56,0,4,4,25,0,JAC,8.1,1,2,17,62,0,1,1,-3,0,HOU,5.9,1,3,14,52,0,1,0,0,0,NO,5.2,1,4,10,50,0,0,0,0,0,TB,5,1,5,0,0,0,0,0,0,0,bye,0,0,6,20,78,2,1,1,8,0,SEA,20.6,1,7,24,125,0,1,0,0,0,PHI,12.5,1,8,24,82,1,2,1,1,0,IND,14.3,1,9,20,66,0,2,1,2,0,GB,6.8,1,10,22,91,1,0,0,0,0,TEN,15.1,1,11,21,102,0,1,1,12,1,WAS,17.4,1,12,21,68,0,4,3,9,0,DAL,7.7,1,13,21,82,1,3,3,31,0,NO,17.3,1,14,10,75,1,1,1,14,0,ATL,14.9,1,15,0,0,0,0,0,0,0,NYG,0,0,16,0,0,0,0,0,0,0,ATL,0,0,17,0,0,0,0,0,0,0,TB,0,0,Season,242,989,6,21,16,99,1,150.8,13
Jordan Todman,PIT,1,0,0,0,0,0,0,0,NE,0,0,2,1,11,0,0,0,0,0,SF,1.1,1,3,0,0,0,0,0,0,0,STL,0,0,4,0,0,0,0,0,0,0,BAL,0,0,5,0,0,0,0,0,0,0,SD,0,0,6,0,0,0,0,0,0,0,ARI,0,0,7,0,0,0,0,0,0,0,KC,0,0,8,0,0,0,0,0,0,0,CIN,0,0,9,1,3,0,2,0,0,0,OAK,0.3,1,10,2,8,0,0,0,0,0,CLE,0.8,1,11,0,0,0,0,0,0,0,bye,0,0,12,0,0,0,0,0,0,0,SEA,0,0,13,0,0,0,0,0,0,0,IND,0,0,14,0,0,0,0,0,0,0,CIN,0,0,15,0,0,0,0,0,0,0,DEN,0,0,16,0,0,0,0,0,0,0,BAL,0,0,17,0,0,0,0,0,0,0,CLE,0,0,Season,4,22,0,2,0,0,0,2.2,3
Jorvorskie Lane,TB,1,1,0,0,0,0,0,0,TEN,0,1,2,0,0,0,0,0,0,0,NO,0,0,3,0,0,0,0,0,0,0,HOU,0,0,4,0,0,0,0,0,0,0,CAR,0,0,5,0,0,0,0,0,0,0,JAC,0,0,6,0,0,0,0,0,0,0,bye,0,0,7,0,0,0,0,0,0,0,WAS,0,0,8,0,0,0,0,0,0,0,ATL,0,0,9,0,0,0,1,1,5,0,NYG,0.5,1,10,0,0,0,1,1,8,0,DAL,0.8,1,11,0,0,0,0,0,0,0,PHI,0,0,12,0,0,0,0,0,0,0,IND,0,0,13,0,0,0,0,0,0,0,ATL,0,0,14,0,0,0,0,0,0,0,NO,0,0,15,0,0,0,0,0,0,0,STL,0,0,16,0,0,0,0,0,0,0,CHI,0,0,17,0,0,0,0,0,0,0,CAR,0,0,Season,1,0,0,2,2,13,0,1.3,3
Joseph Randle,DAL,1,16,65,0,3,3,42,0,NYG,10.7,1,2,18,51,0,1,1,14,0,PHI,6.5,1,3,14,87,3,2,2,18,0,ATL,28.5,1,4,11,26,1,0,0,0,0,NO,8.6,1,5,15,60,0,4,4,13,0,NE,7.3,1,6,0,0,0,0,0,0,0,bye,0,0,7,2,24,0,0,0,0,0,NYG,2.4,1,8,0,0,0,0,0,0,0,SEA,0,0,9,0,0,0,0,0,0,0,PHI,0,0,10,0,0,0,0,0,0,0,TB,0,0,11,0,0,0,0,0,0,0,MIA,0,0,12,0,0,0,0,0,0,0,CAR,0,0,13,0,0,0,0,0,0,0,WAS,0,0,14,0,0,0,0,0,0,0,GB,0,0,15,0,0,0,0,0,0,0,NYJ,0,0,16,0,0,0,0,0,0,0,BUF,0,0,17,0,0,0,0,0,0,0,WAS,0,0,Season,76,313,4,10,10,87,0,64,6
Josh Robinson,IND,1,4,11,0,0,0,0,0,BUF,1.1,1,2,5,12,0,5,5,27,0,NYJ,3.9,1,3,2,8,0,0,0,0,0,TEN,0.8,1,4,3,2,0,0,0,0,0,JAC,0.2,1,5,3,6,0,1,1,6,0,HOU,1.2,1,6,0,0,0,0,0,0,0,NE,0,0,7,0,0,0,0,0,0,0,NO,0,0,8,0,0,0,0,0,0,0,CAR,0,0,9,0,0,0,0,0,0,0,DEN,0,0,10,0,0,0,0,0,0,0,bye,0,0,11,0,0,0,0,0,0,0,ATL,0,0,12,0,0,0,0,0,0,0,TB,0,0,13,0,0,0,0,0,0,0,PIT,0,0,14,0,0,0,0,0,0,0,JAC,0,0,15,0,0,0,0,0,0,0,HOU,0,0,16,0,0,0,0,0,0,0,MIA,0,0,17,0,0,0,0,0,0,0,TEN,0,0,Season,17,39,0,6,6,33,0,7.2,5
Justin Forsett,BAL,1,14,43,0,7,4,13,0,DEN,5.6,1,2,15,68,0,4,4,12,0,OAK,8,1,3,10,13,0,7,4,16,0,CIN,2.9,1,4,27,150,0,1,0,0,0,PIT,15,1,5,21,121,1,5,4,49,0,CLE,23,1,6,17,62,0,8,7,39,0,SF,10.1,1,7,12,36,1,4,3,8,0,ARI,10.4,1,8,17,69,0,1,1,5,0,SD,7.4,1,9,0,0,0,0,0,0,0,bye,0,0,10,14,53,0,4,4,11,0,JAC,6.4,1,11,4,26,0,0,0,0,0,STL,2.6,1,12,0,0,0,0,0,0,0,CLE,0,0,13,0,0,0,0,0,0,0,MIA,0,0,14,0,0,0,0,0,0,0,SEA,0,0,15,0,0,0,0,0,0,0,KC,0,0,16,0,0,0,0,0,0,0,PIT,0,0,17,0,0,0,0,0,0,0,CIN,0,0,Season,151,641,2,41,31,153,0,91.4,10
Juwan Thompson,DEN,1,0,0,0,0,0,0,0,BAL,0,0,2,0,0,0,0,0,0,0,KC,0,0,3,3,11,0,0,0,0,0,DET,1.1,1,4,0,0,0,0,0,0,0,MIN,0,0,5,0,0,0,1,1,16,0,OAK,1.6,1,6,0,0,0,0,0,0,0,CLE,0,0,7,0,0,0,0,0,0,0,bye,0,0,8,1,-1,0,0,0,0,0,GB,-0.1,1,9,0,0,0,0,0,0,0,IND,0,0,10,0,0,0,1,0,0,0,KC,0,1,11,0,0,0,0,0,0,0,CHI,0,0,12,1,3,0,0,0,0,0,NE,0.3,1,13,8,27,0,1,1,14,0,SD,4.1,1,14,5,8,0,6,4,21,0,OAK,2.9,1,15,0,0,0,0,0,0,0,PIT,0,0,16,0,0,0,0,0,0,0,CIN,0,0,17,0,0,0,0,0,0,0,SD,0,0,Season,18,48,0,9,6,51,0,9.9,7
Ka'Deem Carey,CHI,1,0,0,0,0,0,0,0,GB,0,0,2,0,0,0,0,0,0,0,ARI,0,0,3,0,0,0,0,0,0,0,SEA,0,0,4,0,0,0,0,0,0,0,OAK,0,0,5,0,0,0,0,0,0,0,KC,0,0,6,0,0,0,0,0,0,0,DET,0,0,7,0,0,0,0,0,0,0,bye,0,0,8,0,0,0,0,0,0,0,MIN,0,0,9,7,28,0,0,0,0,0,SD,2.8,1,10,14,56,0,0,0,0,0,STL,5.6,1,11,9,32,0,0,0,0,0,DEN,3.2,1,12,0,0,0,0,0,0,0,GB,0,0,13,5,17,1,0,0,0,0,SF,7.7,1,14,0,0,0,0,0,0,0,WAS,0,0,15,0,0,0,2,2,18,0,MIN,1.8,1,16,7,16,1,1,1,1,1,TB,13.7,1,17,1,10,0,0,0,0,0,DET,1,1,Season,43,159,2,3,3,19,1,35.8,7
Karlos Williams,BUF,1,6,55,1,0,0,0,0,IND,11.5,1,2,6,21,1,3,2,16,0,NE,9.7,1,3,12,110,1,0,0,0,0,MIA,17,1,4,18,40,0,4,3,30,1,NYG,13,1,5,0,0,0,0,0,0,0,TEN,0,0,6,0,0,0,0,0,0,0,CIN,0,0,7,0,0,0,0,0,0,0,JAC,0,0,8,0,0,0,0,0,0,0,bye,0,0,9,9,110,2,0,0,0,0,MIA,23,1,10,7,24,0,1,1,26,1,NYJ,11,1,11,6,11,0,0,0,0,0,NE,1.1,1,12,2,5,0,0,0,0,0,KC,0.5,1,13,0,0,0,0,0,0,0,HOU,0,0,14,0,0,0,0,0,0,0,PHI,0,0,15,4,41,0,1,0,0,0,WAS,4.1,1,16,17,76,1,2,2,21,0,DAL,15.7,1,17,6,24,1,3,3,3,0,NYJ,8.7,1,Season,93,517,7,14,11,96,2,115.3,11
Kendall Gaskins,SF,1,0,0,0,0,0,0,0,MIN,0,0,2,0,0,0,0,0,0,0,PIT,0,0,3,0,0,0,0,0,0,0,ARI,0,0,4,0,0,0,0,0,0,0,GB,0,0,5,0,0,0,0,0,0,0,NYG,0,0,6,0,0,0,0,0,0,0,BAL,0,0,7,0,0,0,0,0,0,0,SEA,0,0,8,5,6,0,3,2,17,0,STL,2.3,1,9,7,20,0,0,0,0,0,ATL,2,1,10,0,0,0,0,0,0,0,bye,0,0,11,0,0,0,0,0,0,0,SEA,0,0,12,0,0,0,0,0,0,0,ARI,0,0,13,0,0,0,0,0,0,0,CHI,0,0,14,0,0,0,0,0,0,0,CLE,0,0,15,2,0,0,7,6,52,0,CIN,5.2,1,16,2,12,0,0,0,0,0,DET,1.2,1,17,0,0,0,0,0,0,0,STL,0,0,Season,16,38,0,10,8,69,0,10.7,4
Kendall Hunter,NO,1,0,0,0,0,0,0,0,ARI,0,0,2,0,0,0,0,0,0,0,TB,0,0,3,0,0,0,0,0,0,0,CAR,0,0,4,0,0,0,0,0,0,0,DAL,0,0,5,0,0,0,0,0,0,0,PHI,0,0,6,0,0,0,0,0,0,0,ATL,0,0,7,0,0,0,0,0,0,0,IND,0,0,8,0,0,0,0,0,0,0,NYG,0,0,9,0,0,0,0,0,0,0,TEN,0,0,10,0,0,0,0,0,0,0,WAS,0,0,11,0,0,0,0,0,0,0,bye,0,0,12,0,0,0,0,0,0,0,HOU,0,0,13,0,0,0,0,0,0,0,CAR,0,0,14,0,0,0,0,0,0,0,TB,0,0,15,1,2,0,0,0,0,0,DET,0.2,1,16,0,0,0,0,0,0,0,JAC,0,0,17,0,0,0,0,0,0,0,ATL,0,0,Season,1,2,0,0,0,0,0,0.2,1
Kenjon Barner,PHI,1,0,0,0,0,0,0,0,ATL,0,0,2,0,0,0,0,0,0,0,DAL,0,0,3,0,0,0,0,0,0,0,NYJ,0,0,4,0,0,0,0,0,0,0,WAS,0,0,5,0,0,0,0,0,0,0,NO,0,0,6,0,0,0,0,0,0,0,NYG,0,0,7,0,0,0,0,0,0,0,CAR,0,0,8,0,0,0,0,0,0,0,bye,0,0,9,0,0,0,0,0,0,0,DAL,0,0,10,0,0,0,0,0,0,0,MIA,0,0,11,7,37,0,1,0,0,0,TB,3.7,1,12,7,30,0,1,1,1,0,DET,3.1,1,13,9,39,0,2,2,7,0,NE,4.6,1,14,0,0,0,0,0,0,0,BUF,0,0,15,0,0,0,0,0,0,0,ARI,0,0,16,0,0,0,3,1,-7,0,WAS,-0.7,1,17,5,18,0,5,5,21,0,NYG,3.9,1,Season,28,124,0,12,9,22,0,14.6,5
Kerwynn Williams,ARI,1,0,0,0,0,0,0,0,NO,0,0,2,1,3,0,0,0,0,0,CHI,0.3,1,3,0,0,0,0,0,0,0,SF,0,0,4,0,0,0,0,0,0,0,STL,0,0,5,0,0,0,0,0,0,0,DET,0,0,6,0,0,0,0,0,0,0,PIT,0,0,7,0,0,0,0,0,0,0,BAL,0,0,8,0,0,0,0,0,0,0,CLE,0,0,9,0,0,0,0,0,0,0,bye,0,0,10,0,0,0,0,0,0,0,SEA,0,0,11,0,0,0,0,0,0,0,CIN,0,0,12,0,0,0,0,0,0,0,SF,0,0,13,6,59,1,0,0,0,0,STL,11.9,1,14,6,2,0,0,0,0,0,MIN,0.2,1,15,6,34,0,1,1,12,0,PHI,4.6,1,16,8,44,0,1,1,4,0,GB,4.8,1,17,0,0,0,0,0,0,0,SEA,0,0,Season,27,142,1,2,2,16,0,21.8,5
Khiry Robinson,NO,1,8,19,0,6,5,51,0,ARI,7,1,2,5,48,0,1,1,9,0,TB,5.7,1,3,7,12,1,2,2,8,0,CAR,8,1,4,6,16,1,4,2,5,0,DAL,8.1,1,5,5,30,0,2,2,2,0,PHI,3.2,1,6,7,23,0,2,2,24,0,ATL,4.7,1,7,14,28,2,1,1,3,0,IND,15.1,1,8,4,4,0,2,2,13,0,NYG,1.7,1,9,0,0,0,0,0,0,0,TEN,0,0,10,0,0,0,0,0,0,0,WAS,0,0,11,0,0,0,0,0,0,0,bye,0,0,12,0,0,0,0,0,0,0,HOU,0,0,13,0,0,0,0,0,0,0,CAR,0,0,14,0,0,0,0,0,0,0,TB,0,0,15,0,0,0,0,0,0,0,DET,0,0,16,0,0,0,0,0,0,0,JAC,0,0,17,0,0,0,0,0,0,0,ATL,0,0,Season,56,180,4,20,17,115,0,53.5,8
Knile Davis,KC,1,6,16,0,1,1,12,0,HOU,2.8,1,2,3,9,1,1,0,0,0,DEN,6.9,1,3,0,0,0,0,0,0,0,GB,0,0,4,0,0,0,0,0,0,0,CIN,0,0,5,2,2,0,0,0,0,0,CHI,0.2,1,6,5,13,0,1,1,12,0,MIN,2.5,1,7,1,2,0,0,0,0,0,PIT,0.2,1,8,4,9,0,0,0,0,0,DET,0.9,1,9,0,0,0,0,0,0,0,bye,0,0,10,0,0,0,0,0,0,0,DEN,0,0,11,0,0,0,0,0,0,0,SD,0,0,12,1,1,0,0,0,0,0,BUF,0.1,1,13,0,0,0,0,0,0,0,OAK,0,0,14,1,6,0,0,0,0,0,SD,0.6,1,15,5,14,0,0,0,0,0,BAL,1.4,1,16,0,0,0,0,0,0,0,CLE,0,0,17,0,0,0,0,0,0,0,OAK,0,0,Season,28,72,1,3,2,24,0,15.6,9
Kyle Juszczyk,BAL,1,0,0,0,4,4,17,0,DEN,1.7,1,2,0,0,0,1,1,11,0,OAK,1.1,1,3,0,0,0,3,2,11,0,CIN,1.1,1,4,0,0,0,1,1,3,0,PIT,0.3,1,5,0,0,0,6,3,31,1,CLE,9.1,1,6,0,0,0,2,2,22,0,SF,2.2,1,7,0,0,0,5,4,15,1,ARI,7.5,1,8,0,0,0,2,1,39,0,SD,3.9,1,9,0,0,0,0,0,0,0,bye,0,0,10,0,0,0,5,5,47,0,JAC,4.7,1,11,2,3,0,5,3,10,0,STL,1.3,1,12,0,0,0,4,2,18,0,CLE,1.8,1,13,0,0,0,2,1,-2,0,MIA,-0.2,1,14,0,0,0,1,0,0,0,SEA,0,1,15,0,0,0,6,5,26,1,KC,8.6,1,16,0,0,0,7,5,55,0,PIT,5.5,1,17,0,0,0,2,2,18,1,CIN,7.8,1,Season,2,3,0,56,41,321,4,56.4,16
Lamar Miller,MIA,1,13,53,0,1,1,22,0,WAS,7.5,1,2,10,14,0,6,5,28,0,JAC,4.2,1,3,7,38,0,3,3,27,0,BUF,6.5,1,4,7,26,0,2,1,10,0,NYJ,3.6,1,5,0,0,0,0,0,0,0,bye,0,0,6,19,113,1,3,2,5,0,TEN,17.8,1,7,14,175,1,3,3,61,1,HOU,35.6,1,8,9,15,1,5,5,19,0,NE,9.4,1,9,12,44,2,7,7,97,0,BUF,26.1,1,10,16,43,0,8,6,50,1,PHI,15.3,1,11,7,44,0,3,2,11,0,DAL,5.5,1,12,5,2,0,4,3,11,0,NYJ,1.3,1,13,20,113,0,2,1,5,0,BAL,11.8,1,14,12,89,2,0,0,0,0,NYG,20.9,1,15,9,12,0,2,2,12,0,SD,2.4,1,16,15,31,1,6,5,36,0,IND,12.7,1,17,19,60,0,2,1,3,0,NE,6.3,1,Season,194,872,8,57,47,397,2,186.9,16
Lance Dunbar,DAL,1,0,0,0,9,8,70,0,NYG,7,1,2,1,8,0,5,3,45,0,PHI,5.3,1,3,1,5,0,10,10,100,0,ATL,10.5,1,4,3,54,0,0,0,0,0,NO,5.4,1,5,0,0,0,0,0,0,0,NE,0,0,6,0,0,0,0,0,0,0,bye,0,0,7,0,0,0,0,0,0,0,NYG,0,0,8,0,0,0,0,0,0,0,SEA,0,0,9,0,0,0,0,0,0,0,PHI,0,0,10,0,0,0,0,0,0,0,TB,0,0,11,0,0,0,0,0,0,0,MIA,0,0,12,0,0,0,0,0,0,0,CAR,0,0,13,0,0,0,0,0,0,0,WAS,0,0,14,0,0,0,0,0,0,0,GB,0,0,15,0,0,0,0,0,0,0,NYJ,0,0,16,0,0,0,0,0,0,0,BUF,0,0,17,0,0,0,0,0,0,0,WAS,0,0,Season,5,67,0,24,21,215,0,28.2,4
Latavius Murray,OAK,1,11,44,0,7,7,36,0,CIN,8,1,2,15,65,1,3,3,22,0,BAL,14.7,1,3,26,139,1,1,1,10,0,CLE,20.9,1,4,16,49,0,5,3,12,0,CHI,6.1,1,5,13,39,0,4,3,18,0,DEN,5.7,1,6,0,0,0,0,0,0,0,bye,0,0,7,15,85,1,1,1,1,0,SD,14.6,1,8,20,113,0,2,1,6,0,NYJ,11.9,1,9,17,96,0,2,2,-1,0,PIT,9.5,1,10,12,48,0,5,5,29,0,MIN,7.7,1,11,13,28,1,0,0,0,0,DET,8.8,1,12,22,59,0,3,1,23,0,TEN,8.2,1,13,20,86,1,6,4,11,0,KC,15.7,1,14,16,27,0,1,0,0,0,DEN,2.7,1,15,21,78,0,2,1,2,0,GB,8,1,16,19,79,1,5,5,38,0,SD,17.7,1,17,11,31,0,6,4,25,0,KC,5.6,1,Season,267,1066,6,53,41,232,0,165.8,16
Le'Veon Bell,PIT,1,0,0,0,0,0,0,0,NE,0,0,2,0,0,0,0,0,0,0,SF,0,0,3,19,62,1,8,7,70,0,STL,19.2,1,4,22,129,1,7,7,21,0,BAL,21,1,5,21,111,1,5,4,16,0,SD,18.7,1,6,24,88,0,0,0,0,0,ARI,8.8,1,7,17,121,0,4,4,16,0,KC,13.7,1,8,10,45,0,2,2,13,0,CIN,5.8,1,9,0,0,0,0,0,0,0,OAK,0,0,10,0,0,0,0,0,0,0,CLE,0,0,11,0,0,0,0,0,0,0,bye,0,0,12,0,0,0,0,0,0,0,SEA,0,0,13,0,0,0,0,0,0,0,IND,0,0,14,0,0,0,0,0,0,0,CIN,0,0,15,0,0,0,0,0,0,0,DEN,0,0,16,0,0,0,0,0,0,0,BAL,0,0,17,0,0,0,0,0,0,0,CLE,0,0,Season,113,556,3,26,24,136,0,87.2,6
LeGarrette Blount,NE,1,0,0,0,0,0,0,0,PIT,0,0,2,2,4,0,0,0,0,0,BUF,0.4,1,3,18,78,3,1,1,14,0,JAC,27.2,1,4,0,0,0,0,0,0,0,bye,0,0,5,13,74,0,0,0,0,0,DAL,7.4,1,6,16,93,1,1,1,11,1,IND,22.4,1,7,3,-3,0,0,0,0,0,NYJ,-0.3,1,8,17,72,0,1,1,2,0,MIA,7.4,1,9,29,129,1,0,0,0,0,WAS,18.9,1,10,19,66,1,2,2,11,0,NYG,13.7,1,11,16,56,0,2,1,5,0,BUF,6.1,1,12,9,27,0,0,0,0,0,DEN,2.7,1,13,13,54,0,0,0,0,0,PHI,5.4,1,14,10,53,0,0,0,0,0,HOU,5.3,1,15,0,0,0,0,0,0,0,TEN,0,0,16,0,0,0,0,0,0,0,NYJ,0,0,17,0,0,0,0,0,0,0,MIA,0,0,Season,165,703,6,7,6,43,1,116.6,12
LeSean McCoy,BUF,1,17,41,0,4,3,46,0,IND,8.7,1,2,15,89,0,3,3,27,0,NE,11.6,1,3,11,16,0,3,1,10,1,MIA,8.6,1,4,0,0,0,0,0,0,0,NYG,0,0,5,0,0,0,0,0,0,0,TEN,0,0,6,17,90,1,4,2,4,0,CIN,15.4,1,7,18,68,0,4,2,36,0,JAC,10.4,1,8,0,0,0,0,0,0,0,bye,0,0,9,16,112,1,2,2,7,0,MIA,17.9,1,10,19,112,0,5,5,47,0,NYJ,15.9,1,11,20,82,1,10,6,41,0,NE,18.3,1,12,19,70,0,5,3,31,1,KC,16.1,1,13,21,112,0,1,0,0,0,HOU,11.2,1,14,20,74,0,7,4,35,0,PHI,10.9,1,15,10,29,0,1,1,8,0,WAS,3.7,1,16,0,0,0,0,0,0,0,DAL,0,0,17,0,0,0,0,0,0,0,NYJ,0,0,Season,203,895,3,49,32,292,2,148.7,12
Lorenzo Taliaferro,BAL,1,0,0,0,0,0,0,0,DEN,0,0,2,7,34,1,3,3,12,0,OAK,10.6,1,3,3,0,0,1,1,6,0,CIN,0.6,1,4,3,13,0,1,1,11,0,PIT,2.4,1,5,0,0,0,0,0,0,0,CLE,0,0,6,0,0,0,0,0,0,0,SF,0,0,7,0,0,0,0,0,0,0,ARI,0,0,8,0,0,0,0,0,0,0,SD,0,0,9,0,0,0,0,0,0,0,bye,0,0,10,0,0,0,0,0,0,0,JAC,0,0,11,0,0,0,0,0,0,0,STL,0,0,12,0,0,0,0,0,0,0,CLE,0,0,13,0,0,0,0,0,0,0,MIA,0,0,14,0,0,0,0,0,0,0,SEA,0,0,15,0,0,0,0,0,0,0,KC,0,0,16,0,0,0,0,0,0,0,PIT,0,0,17,0,0,0,0,0,0,0,CIN,0,0,Season,13,47,1,5,5,29,0,13.6,3
Malcolm Brown,STL,1,0,0,0,0,0,0,0,SEA,0,0,2,0,0,0,0,0,0,0,WAS,0,0,3,0,0,0,0,0,0,0,PIT,0,0,4,0,0,0,0,0,0,0,ARI,0,0,5,0,0,0,0,0,0,0,GB,0,0,6,0,0,0,0,0,0,0,bye,0,0,7,0,0,0,0,0,0,0,CLE,0,0,8,0,0,0,0,0,0,0,SF,0,0,9,0,0,0,0,0,0,0,MIN,0,0,10,0,0,0,0,0,0,0,CHI,0,0,11,0,0,0,0,0,0,0,BAL,0,0,12,0,0,0,0,0,0,0,CIN,0,0,13,0,0,0,0,0,0,0,ARI,0,0,14,0,0,0,0,0,0,0,DET,0,0,15,0,0,0,0,0,0,0,TB,0,0,16,0,0,0,0,0,0,0,SEA,0,0,17,4,17,0,1,1,-2,0,SF,1.5,1,Season,4,17,0,1,1,-2,0,1.5,1
Marcel Reece,OAK,1,0,0,0,4,3,26,2,CIN,14.6,1,2,0,0,0,2,1,16,0,BAL,1.6,1,3,1,1,0,2,1,55,0,CLE,5.6,1,4,0,0,0,2,2,16,0,CHI,1.6,1,5,1,6,0,8,7,49,1,DEN,11.5,1,6,0,0,0,0,0,0,0,bye,0,0,7,0,0,0,3,3,15,0,SD,1.5,1,8,0,0,0,3,3,26,0,NYJ,2.6,1,9,3,21,0,0,0,0,0,PIT,2.1,1,10,0,0,0,2,1,0,0,MIN,0,1,11,2,2,0,1,0,0,0,DET,0.2,1,12,0,0,0,1,1,7,0,TEN,0.7,1,13,1,4,0,3,3,19,0,KC,2.3,1,14,2,2,0,0,0,0,0,DEN,0.2,1,15,0,0,0,3,3,37,0,GB,3.7,1,16,0,0,0,3,2,3,0,SD,0.3,1,17,0,0,0,0,0,0,0,KC,0,0,Season,10,36,0,37,30,269,3,48.5,15
Marcus Murphy,NO,1,0,0,0,0,0,0,0,ARI,0,0,2,0,0,0,0,0,0,0,TB,0,0,3,0,0,0,0,0,0,0,CAR,0,0,4,0,0,0,0,0,0,0,DAL,0,0,5,0,0,0,0,0,0,0,PHI,0,0,6,0,0,0,0,0,0,0,ATL,0,0,7,0,0,0,0,0,0,0,IND,0,0,8,0,0,0,0,0,0,0,NYG,0,0,9,0,0,0,0,0,0,0,TEN,0,0,10,0,0,0,0,0,0,0,WAS,0,0,11,0,0,0,0,0,0,0,bye,0,0,12,0,0,0,0,0,0,0,HOU,0,0,13,0,0,0,0,0,0,0,CAR,0,0,14,1,0,0,0,0,0,0,TB,0,1,15,0,0,0,0,0,0,0,DET,0,0,16,0,0,0,0,0,0,0,JAC,0,0,17,0,0,0,0,0,0,0,ATL,0,0,Season,1,0,0,0,0,0,0,0,1
Mark Ingram,NO,1,9,24,0,9,8,98,0,ARI,12.2,1,2,16,53,1,3,3,5,0,TB,11.8,1,3,14,50,1,5,5,49,0,CAR,15.9,1,4,17,77,0,7,6,51,0,DAL,12.8,1,5,12,57,0,3,2,17,0,PHI,7.4,1,6,20,46,2,3,3,10,0,ATL,17.6,1,7,14,143,1,2,2,5,0,IND,20.8,1,8,16,80,0,5,4,39,0,NYG,11.9,1,9,21,52,0,5,4,42,0,TEN,9.4,1,10,5,77,0,4,3,21,0,WAS,9.8,1,11,0,0,0,0,0,0,0,bye,0,0,12,9,52,0,8,6,45,0,HOU,9.7,1,13,12,56,1,6,4,23,0,CAR,13.9,1,14,0,0,0,0,0,0,0,TB,0,0,15,0,0,0,0,0,0,0,DET,0,0,16,0,0,0,0,0,0,0,JAC,0,0,17,0,0,0,0,0,0,0,ATL,0,0,Season,165,767,6,60,50,405,0,153.2,12
Marshawn Lynch,SEA,1,18,73,0,7,5,31,0,STL,10.4,1,2,15,41,0,6,3,21,0,GB,6.2,1,3,5,14,0,1,1,9,0,CHI,2.3,1,4,0,0,0,0,0,0,0,DET,0,0,5,0,0,0,0,0,0,0,CIN,0,0,6,17,54,1,3,1,0,0,CAR,11.4,1,7,27,122,1,0,0,0,0,SF,18.2,1,8,21,71,0,2,2,11,0,DAL,8.2,1,9,0,0,0,0,0,0,0,bye,0,0,10,8,42,1,2,1,8,0,ARI,11,1,11,0,0,0,0,0,0,0,SF,0,0,12,0,0,0,0,0,0,0,PIT,0,0,13,0,0,0,0,0,0,0,MIN,0,0,14,0,0,0,0,0,0,0,BAL,0,0,15,0,0,0,0,0,0,0,CLE,0,0,16,0,0,0,0,0,0,0,STL,0,0,17,0,0,0,0,0,0,0,ARI,0,0,Season,111,417,3,21,13,80,0,67.7,7
Matt Asiata,MIN,1,1,4,0,2,2,28,0,SF,3.2,1,2,2,8,0,0,0,0,0,DET,0.8,1,3,2,10,0,2,2,5,0,SD,1.5,1,4,1,3,0,0,0,0,0,DEN,0.3,1,5,0,0,0,0,0,0,0,bye,0,0,6,5,27,0,1,1,8,0,KC,3.5,1,7,0,0,0,2,2,5,0,DET,0.5,1,8,1,5,0,3,3,6,0,CHI,1.1,1,9,2,4,0,0,0,0,0,STL,0.4,1,10,2,7,0,2,2,18,0,OAK,2.5,1,11,0,0,0,1,1,9,0,GB,0.9,1,12,1,3,0,3,3,17,0,ATL,2,1,13,2,-1,0,1,0,0,0,SEA,-0.1,1,14,0,0,0,2,2,30,0,ARI,3,1,15,5,28,0,2,1,6,0,CHI,3.4,1,16,5,14,0,1,0,0,0,NYG,1.4,1,17,0,0,0,0,0,0,0,GB,0,0,Season,29,112,0,22,19,132,0,24.4,15
Matt Forte,CHI,1,24,141,1,8,5,25,0,GB,22.6,1,2,15,61,0,5,4,44,0,ARI,10.5,1,3,20,74,0,3,0,0,0,SEA,7.4,1,4,25,91,0,4,4,64,0,OAK,15.5,1,5,18,71,0,7,5,38,1,KC,16.9,1,6,24,69,1,5,3,20,0,DET,14.9,1,7,0,0,0,0,0,0,0,bye,0,0,8,10,41,0,4,4,28,0,MIN,6.9,1,9,0,0,0,0,0,0,0,SD,0,0,10,0,0,0,0,0,0,0,STL,0,0,11,0,0,0,0,0,0,0,DEN,0,0,12,15,44,0,1,1,9,0,GB,5.3,1,13,21,84,1,5,5,39,0,SF,18.3,1,14,10,45,1,2,1,8,0,WAS,11.3,1,15,8,47,0,7,6,57,1,MIN,16.4,1,16,11,54,0,4,3,23,0,TB,7.7,1,17,17,76,0,3,3,34,1,DET,17,1,Season,218,898,4,58,44,389,3,170.7,13
Matt Jones,WAS,1,6,28,0,0,0,0,0,MIA,2.8,1,2,19,123,2,3,3,23,0,STL,26.6,1,3,11,38,0,0,0,0,0,NYG,3.8,1,4,7,11,0,0,0,0,0,PHI,1.1,1,5,11,20,1,2,1,17,0,ATL,9.7,1,6,0,0,0,0,0,0,0,NYJ,0,0,7,9,29,0,4,3,22,0,TB,5.1,1,8,0,0,0,0,0,0,0,bye,0,0,9,11,27,0,3,2,17,0,NE,4.4,1,10,11,56,0,3,3,131,1,NO,24.7,1,11,5,0,0,2,2,12,0,CAR,1.2,1,12,8,19,0,1,1,45,0,NYG,6.4,1,13,18,49,0,1,1,5,0,DAL,5.4,1,14,18,62,0,3,2,24,0,CHI,8.6,1,15,10,28,0,3,1,8,0,BUF,3.6,1,16,0,0,0,0,0,0,0,PHI,0,0,17,0,0,0,0,0,0,0,DAL,0,0,Season,144,490,3,25,19,304,1,103.4,13
Melvin Gordon,SD,1,14,51,0,3,3,16,0,DET,6.7,1,2,16,88,0,1,1,10,0,CIN,9.8,1,3,14,51,0,1,0,0,0,MIN,5.1,1,4,12,38,0,2,2,8,0,CLE,4.6,1,5,15,42,0,9,7,52,0,PIT,9.4,1,6,7,29,0,0,0,0,0,GB,2.9,1,7,7,29,0,0,0,0,0,OAK,2.9,1,8,18,54,0,6,5,7,0,BAL,6.1,1,9,11,31,0,3,3,25,0,CHI,5.6,1,10,0,0,0,0,0,0,0,bye,0,0,11,15,37,0,1,1,12,0,KC,4.9,1,12,14,60,0,5,5,20,0,JAC,8,1,13,12,55,0,1,1,8,0,DEN,6.3,1,14,14,35,0,4,4,28,0,KC,6.3,1,15,15,41,0,1,1,6,0,MIA,4.7,1,16,0,0,0,0,0,0,0,OAK,0,0,17,0,0,0,0,0,0,0,DEN,0,0,Season,184,641,0,37,33,192,0,83.3,14
Michael Burton,DET,1,0,0,0,0,0,0,0,SD,0,0,2,1,2,0,0,0,0,0,MIN,0.2,1,3,0,0,0,0,0,0,0,DEN,0,0,4,1,0,0,1,1,3,0,SEA,0.3,1,5,0,0,0,1,1,6,0,ARI,0.6,1,6,0,0,0,0,0,0,0,CHI,0,0,7,1,0,0,0,0,0,0,MIN,0,1,8,0,0,0,0,0,0,0,KC,0,0,9,0,0,0,0,0,0,0,bye,0,0,10,1,0,0,0,0,0,0,GB,0,1,11,0,0,0,0,0,0,0,OAK,0,0,12,0,0,0,0,0,0,0,PHI,0,0,13,0,0,0,0,0,0,0,GB,0,0,14,0,0,0,1,1,12,0,STL,1.2,1,15,0,0,0,2,2,10,1,NO,7,1,16,0,0,0,0,0,0,0,SF,0,0,17,0,0,0,1,1,8,0,CHI,0.8,1,Season,4,2,0,6,6,39,1,10.1,8
Mike Davis,SF,1,0,0,0,0,0,0,0,MIN,0,0,2,7,14,0,4,2,4,0,PIT,1.8,1,3,7,6,0,3,1,5,0,ARI,1.1,1,4,0,0,0,0,0,0,0,GB,0,0,5,0,0,0,0,0,0,0,NYG,0,0,6,1,0,0,0,0,0,0,BAL,0,1,7,0,0,0,0,0,0,0,SEA,0,0,8,10,4,0,3,2,14,0,STL,1.8,1,9,0,0,0,0,0,0,0,ATL,0,0,10,0,0,0,0,0,0,0,bye,0,0,11,0,0,0,0,0,0,0,SEA,0,0,12,0,0,0,0,0,0,0,ARI,0,0,13,0,0,0,0,0,0,0,CHI,0,0,14,0,0,0,0,0,0,0,CLE,0,0,15,0,0,0,0,0,0,0,CIN,0,0,16,0,0,0,0,0,0,0,DET,0,0,17,10,34,0,3,2,15,0,STL,4.9,1,Season,35,58,0,13,7,38,0,9.6,5
Mike Gillislee,BUF,1,0,0,0,0,0,0,0,IND,0,0,2,0,0,0,0,0,0,0,NE,0,0,3,0,0,0,0,0,0,0,MIA,0,0,4,0,0,0,0,0,0,0,NYG,0,0,5,0,0,0,0,0,0,0,TEN,0,0,6,0,0,0,0,0,0,0,CIN,0,0,7,0,0,0,0,0,0,0,JAC,0,0,8,0,0,0,0,0,0,0,bye,0,0,9,0,0,0,0,0,0,0,MIA,0,0,10,0,0,0,0,0,0,0,NYJ,0,0,11,0,0,0,0,0,0,0,NE,0,0,12,0,0,0,0,0,0,0,KC,0,0,13,7,41,0,1,1,5,0,HOU,4.6,1,14,3,24,1,1,1,6,0,PHI,9,1,15,4,81,1,2,2,2,0,WAS,14.3,1,16,9,93,1,2,2,16,0,DAL,16.9,1,17,24,28,0,1,0,0,0,NYJ,2.8,1,Season,47,267,3,7,6,29,0,47.6,5
Mike Tolbert,CAR,1,1,12,0,2,1,6,0,JAC,1.8,1,2,5,31,0,3,2,4,0,HOU,3.5,1,3,5,16,0,3,3,28,0,NO,4.4,1,4,3,7,0,0,0,0,0,TB,0.7,1,5,0,0,0,0,0,0,0,bye,0,0,6,3,10,0,0,0,0,0,SEA,1,1,7,3,16,1,1,1,2,1,PHI,13.8,1,8,0,0,0,1,1,40,0,IND,4,1,9,3,7,0,0,0,0,0,GB,0.7,1,10,3,5,0,1,1,16,0,TEN,2.1,1,11,7,5,0,2,2,5,1,WAS,7,1,12,4,16,0,1,0,0,0,DAL,1.6,1,13,2,33,0,3,2,18,1,NO,11.1,1,14,6,17,0,2,2,13,0,ATL,3,1,15,5,10,0,0,0,0,0,NYG,1,1,16,2,12,0,3,2,17,0,ATL,2.9,1,17,10,59,0,1,1,5,0,TB,6.4,1,Season,62,256,1,23,18,154,3,65,16
Orleans Darkwa,NYG,1,0,0,0,0,0,0,0,DAL,0,0,2,0,0,0,0,0,0,0,ATL,0,0,3,0,0,0,0,0,0,0,WAS,0,0,4,0,0,0,0,0,0,0,BUF,0,0,5,0,0,0,0,0,0,0,SF,0,0,6,0,0,0,0,0,0,0,PHI,0,0,7,8,48,1,1,0,0,0,DAL,10.8,1,8,4,23,0,0,0,0,0,NO,2.3,1,9,6,23,0,0,0,0,0,TB,2.3,1,10,5,15,0,0,0,0,0,NE,1.5,1,11,0,0,0,0,0,0,0,bye,0,0,12,2,2,0,0,0,0,0,WAS,0.2,1,13,8,23,0,2,1,10,0,NYJ,3.3,1,14,3,10,0,1,1,6,0,MIA,1.6,1,15,0,0,0,0,0,0,0,CAR,0,0,16,1,9,0,1,1,15,0,MIN,2.4,1,17,0,0,0,0,0,0,0,PHI,0,0,Season,37,153,1,5,3,31,0,24.4,8
Patrick DiMarco,ATL,1,0,0,0,0,0,0,0,PHI,0,0,2,0,0,0,1,1,19,0,NYG,1.9,1,3,0,0,0,1,1,4,0,DAL,0.4,1,4,0,0,0,1,0,0,0,HOU,0,1,5,0,0,0,0,0,0,0,WAS,0,0,6,0,0,0,3,2,18,0,NO,1.8,1,7,1,0,0,0,0,0,0,TEN,0,1,8,0,0,0,1,1,8,0,TB,0.8,1,9,0,0,0,0,0,0,0,SF,0,0,10,0,0,0,0,0,0,0,bye,0,0,11,0,0,0,4,3,21,2,IND,14.1,1,12,0,0,0,0,0,0,0,MIN,0,0,13,0,0,0,2,2,18,0,TB,1.8,1,14,0,0,0,3,2,15,0,CAR,1.5,1,15,0,0,0,0,0,0,0,JAC,0,0,16,0,0,0,0,0,0,0,CAR,0,0,17,0,0,0,1,1,7,0,NO,0.7,1,Season,1,0,0,17,13,110,2,23,10
Pierre Thomas,SF,1,0,0,0,0,0,0,0,MIN,0,0,2,0,0,0,0,0,0,0,PIT,0,0,3,0,0,0,0,0,0,0,ARI,0,0,4,0,0,0,0,0,0,0,GB,0,0,5,0,0,0,0,0,0,0,NYG,0,0,6,0,0,0,0,0,0,0,BAL,0,0,7,0,0,0,0,0,0,0,SEA,0,0,8,0,0,0,0,0,0,0,STL,0,0,9,4,12,0,0,0,0,0,ATL,1.2,1,10,0,0,0,0,0,0,0,bye,0,0,11,0,0,0,0,0,0,0,SEA,0,0,12,0,0,0,0,0,0,0,ARI,0,0,13,0,0,0,0,0,0,0,CHI,0,0,14,0,0,0,1,1,12,0,CLE,1.2,1,15,0,0,0,0,0,0,0,CIN,0,0,16,4,22,0,8,7,67,0,DET,8.9,1,17,7,30,0,2,1,5,0,STL,3.5,1,Season,15,64,0,11,9,84,0,14.8,4
Raheem Mostert,CLE,1,0,0,0,0,0,0,0,NYJ,0,0,2,0,0,0,0,0,0,0,TEN,0,0,3,0,0,0,0,0,0,0,OAK,0,0,4,0,0,0,0,0,0,0,SD,0,0,5,0,0,0,0,0,0,0,BAL,0,0,6,0,0,0,0,0,0,0,DEN,0,0,7,0,0,0,0,0,0,0,STL,0,0,8,0,0,0,0,0,0,0,ARI,0,0,9,0,0,0,0,0,0,0,CIN,0,0,10,0,0,0,0,0,0,0,PIT,0,0,11,0,0,0,0,0,0,0,bye,0,0,12,0,0,0,0,0,0,0,BAL,0,0,13,0,0,0,0,0,0,0,CIN,0,0,14,0,0,0,0,0,0,0,SF,0,0,15,0,0,0,0,0,0,0,SEA,0,0,16,0,0,0,0,0,0,0,KC,0,0,17,0,0,0,0,0,0,0,PIT,0,0,Season,0,0,0,0,0,0,0,0,0
Rashad Jennings,NYG,1,13,52,1,0,0,0,0,DAL,11.2,1,2,9,12,0,2,2,12,0,ATL,2.4,1,3,11,32,0,3,3,25,0,WAS,5.7,1,4,9,38,0,2,2,54,1,BUF,15.2,1,5,11,46,0,4,4,21,0,SF,6.7,1,6,13,63,0,3,3,20,0,PHI,8.3,1,7,5,19,0,0,0,0,0,DAL,1.9,1,8,10,54,0,3,2,31,0,NO,8.5,1,9,13,48,0,1,1,-1,0,TB,4.7,1,10,11,39,0,3,2,12,0,NE,5.1,1,11,0,0,0,0,0,0,0,bye,0,0,12,6,14,0,3,2,14,0,WAS,2.8,1,13,5,14,0,2,1,19,0,NYJ,3.3,1,14,22,81,0,2,2,21,0,MIA,10.2,1,15,16,107,1,3,1,0,0,CAR,16.7,1,16,14,74,0,3,2,62,0,MIN,13.6,1,17,27,170,1,5,2,6,0,PHI,23.6,1,Season,195,863,3,39,29,296,1,139.9,16
Reggie Bush,SF,1,2,8,0,0,0,0,0,MIN,0.8,1,2,0,0,0,0,0,0,0,PIT,0,0,3,0,0,0,0,0,0,0,ARI,0,0,4,1,0,0,3,1,6,0,GB,0.6,1,5,1,-1,0,0,0,0,0,NYG,-0.1,1,6,0,0,0,0,0,0,0,BAL,0,0,7,4,21,0,5,3,13,0,SEA,3.4,1,8,0,0,0,1,0,0,0,STL,0,1,9,0,0,0,0,0,0,0,ATL,0,0,10,0,0,0,0,0,0,0,bye,0,0,11,0,0,0,0,0,0,0,SEA,0,0,12,0,0,0,0,0,0,0,ARI,0,0,13,0,0,0,0,0,0,0,CHI,0,0,14,0,0,0,0,0,0,0,CLE,0,0,15,0,0,0,0,0,0,0,CIN,0,0,16,0,0,0,0,0,0,0,DET,0,0,17,0,0,0,0,0,0,0,STL,0,0,Season,8,28,0,9,4,19,0,4.7,5
Rex Burkhead,CIN,1,0,0,0,1,1,24,0,OAK,2.4,1,2,0,0,0,2,1,8,0,SD,0.8,1,3,0,0,0,0,0,0,0,BAL,0,0,4,0,0,0,1,1,27,0,KC,2.7,1,5,1,-2,0,0,0,0,0,SEA,-0.2,1,6,0,0,0,0,0,0,0,BUF,0,0,7,0,0,0,0,0,0,0,bye,0,0,8,0,0,0,0,0,0,0,PIT,0,0,9,0,0,0,1,1,7,0,CLE,0.7,1,10,0,0,0,1,0,0,0,HOU,0,1,11,0,0,0,1,1,7,0,ARI,0.7,1,12,2,4,0,2,2,4,0,STL,0.8,1,13,1,2,0,2,1,4,0,CLE,0.6,1,14,0,0,0,1,1,5,1,PIT,6.5,1,15,0,0,0,0,0,0,0,SF,0,0,16,0,0,0,1,1,8,0,DEN,0.8,1,17,0,0,0,2,0,0,0,BAL,0,1,Season,4,4,0,15,10,94,1,15.8,12
Robert Turbin,CLE,1,0,0,0,0,0,0,0,NYJ,0,0,2,0,0,0,0,0,0,0,TEN,0,0,3,0,0,0,0,0,0,0,OAK,0,0,4,0,0,0,0,0,0,0,SD,0,0,5,0,0,0,0,0,0,0,BAL,0,0,6,10,27,0,1,0,0,0,DEN,2.7,1,7,5,30,0,2,2,8,0,STL,3.8,1,8,3,3,0,0,0,0,0,ARI,0.3,1,9,0,0,0,0,0,0,0,CIN,0,0,10,0,0,0,0,0,0,0,PIT,0,0,11,7,35,0,2,1,3,0,bye,3.8,1,12,2,11,0,1,1,1,0,BAL,1.2,1,13,6,12,0,2,2,12,0,CIN,2.4,1,14,7,51,1,0,0,0,0,SF,11.1,1,15,3,1,0,0,0,0,0,SEA,0.1,1,16,5,23,0,1,0,0,0,KC,2.3,1,17,2,6,0,1,1,-1,0,PIT,0.5,1,Season,50,199,1,10,7,23,0,28.2,10
Rod Smith,SEA,1,0,0,0,0,0,0,0,STL,0,0,2,0,0,0,0,0,0,0,GB,0,0,3,0,0,0,0,0,0,0,CHI,0,0,4,0,0,0,0,0,0,0,DET,0,0,5,2,5,0,0,0,0,0,CIN,0.5,1,6,0,0,0,0,0,0,0,CAR,0,0,7,0,0,0,0,0,0,0,SF,0,0,8,0,0,0,1,0,0,0,DAL,0,1,9,0,0,0,0,0,0,0,bye,0,0,10,0,0,0,0,0,0,0,ARI,0,0,11,0,0,0,0,0,0,0,SF,0,0,12,0,0,0,1,1,6,0,PIT,0.6,1,13,0,0,0,0,0,0,0,MIN,0,0,14,0,0,0,0,0,0,0,BAL,0,0,15,0,0,0,0,0,0,0,CLE,0,0,16,0,0,0,0,0,0,0,STL,0,0,17,0,0,0,0,0,0,0,ARI,0,0,Season,2,5,0,2,1,6,0,1.1,3
Ronnie Hillman,DEN,1,12,41,0,0,0,0,0,BAL,4.1,1,2,9,34,0,1,0,0,0,KC,3.4,1,3,7,13,1,1,1,3,0,DET,7.6,1,4,11,103,1,1,1,5,0,MIN,16.8,1,5,7,21,0,2,1,5,0,OAK,2.6,1,6,20,111,0,5,3,4,0,CLE,11.5,1,7,0,0,0,0,0,0,0,bye,0,0,8,19,60,2,2,1,-5,0,GB,17.5,1,9,7,1,0,0,0,0,0,IND,0.1,1,10,11,42,1,4,2,9,0,KC,11.1,1,11,21,102,0,1,1,2,0,CHI,10.4,1,12,14,59,1,1,1,0,0,NE,11.9,1,13,19,56,0,1,0,0,0,SD,5.6,1,14,12,20,0,9,7,41,0,OAK,6.1,1,15,14,48,0,0,0,0,0,PIT,4.8,1,16,9,35,0,4,4,37,0,CIN,7.2,1,17,15,117,1,3,2,10,0,SD,18.7,1,Season,207,863,7,35,24,111,0,139.4,16
Roosevelt Nix,PIT,1,0,0,0,0,0,0,0,NE,0,0,2,0,0,0,0,0,0,0,SF,0,0,3,0,0,0,0,0,0,0,STL,0,0,4,0,0,0,0,0,0,0,BAL,0,0,5,0,0,0,0,0,0,0,SD,0,0,6,0,0,0,0,0,0,0,ARI,0,0,7,0,0,0,0,0,0,0,KC,0,0,8,0,0,0,0,0,0,0,CIN,0,0,9,0,0,0,0,0,0,0,OAK,0,0,10,0,0,0,1,1,10,0,CLE,1,1,11,0,0,0,0,0,0,0,bye,0,0,12,0,0,0,1,1,6,0,SEA,0.6,1,13,0,0,0,1,0,0,0,IND,0,1,14,0,0,0,0,0,0,0,CIN,0,0,15,0,0,0,0,0,0,0,DEN,0,0,16,0,0,0,0,0,0,0,BAL,0,0,17,0,0,0,0,0,0,0,CLE,0,0,Season,0,0,0,3,2,16,0,1.6,3
Roy Helu,OAK,1,0,0,0,0,0,0,0,CIN,0,0,2,0,0,0,0,0,0,0,BAL,0,0,3,0,0,0,1,1,12,0,CLE,1.2,1,4,5,22,0,2,2,13,1,CHI,9.5,1,5,3,6,0,6,3,12,0,DEN,1.8,1,6,0,0,0,0,0,0,0,bye,0,0,7,4,3,0,0,0,0,0,SD,0.3,1,8,0,0,0,1,0,0,0,NYJ,0,1,9,0,0,0,0,0,0,0,PIT,0,0,10,0,0,0,0,0,0,0,MIN,0,0,11,0,0,0,0,0,0,0,DET,0,0,12,2,3,0,0,0,0,0,TEN,0.3,1,13,0,0,0,2,1,15,0,KC,1.5,1,14,0,0,0,0,0,0,0,DEN,0,0,15,0,0,0,0,0,0,0,GB,0,0,16,0,0,0,0,0,0,0,SD,0,0,17,3,5,0,4,2,23,0,KC,2.8,1,Season,17,39,0,16,9,75,1,17.4,8
Ryan Mathews,PHI,1,3,4,1,4,3,24,0,ATL,8.8,1,2,1,0,0,0,0,0,0,DAL,0,1,3,25,108,0,4,2,20,1,NYJ,18.8,1,4,5,20,0,0,0,0,0,WAS,2,1,5,8,73,1,3,3,23,0,NO,15.6,1,6,9,40,0,1,1,6,0,NYG,4.6,1,7,6,97,1,3,3,24,0,CAR,18.1,1,8,0,0,0,0,0,0,0,bye,0,0,9,11,67,1,1,0,0,0,DAL,12.7,1,10,8,18,1,3,2,22,0,MIA,10,1,11,0,0,0,0,0,0,0,TB,0,0,12,0,0,0,0,0,0,0,DET,0,0,13,0,0,0,0,0,0,0,NE,0,0,14,13,38,0,2,2,4,0,BUF,4.2,1,15,11,58,0,2,1,3,0,ARI,6.1,1,16,4,5,1,3,2,13,0,WAS,7.8,1,17,4,11,0,2,1,7,0,NYG,1.8,1,Season,108,539,6,28,20,146,1,110.5,13
Shane Vereen,NYG,1,3,14,0,5,4,46,0,DAL,6,1,2,6,19,0,8,8,76,0,ATL,9.5,1,3,6,23,0,3,0,0,0,WAS,2.3,1,4,5,21,0,0,0,0,0,BUF,2.1,1,5,5,24,0,8,8,86,1,SF,17,1,6,4,0,0,4,1,6,0,PHI,0.6,1,7,4,56,0,3,1,6,0,DAL,6.2,1,8,2,3,0,9,8,60,1,NO,12.3,1,9,6,14,0,4,4,29,1,TB,10.3,1,10,4,14,0,4,2,12,0,NE,2.6,1,11,0,0,0,0,0,0,0,bye,0,0,12,2,15,0,5,4,21,0,WAS,3.6,1,13,4,13,0,3,2,7,0,NYJ,2,1,14,1,0,0,2,1,10,0,MIA,1,1,15,4,29,0,10,8,43,1,CAR,13.2,1,16,1,3,0,5,2,21,0,MIN,2.4,1,17,4,12,0,8,6,72,0,PHI,8.4,1,Season,61,260,0,81,59,495,4,99.5,16
Shaun Draughn,CLE,1,1,4,0,0,0,0,0,NYJ,0.4,1,2,0,0,0,0,0,0,0,TEN,0,0,3,0,0,0,1,1,2,0,OAK,0.2,1,4,1,6,0,1,1,-1,0,SD,0.5,1,5,0,0,0,0,0,0,0,BAL,0,0,6,0,0,0,0,0,0,0,DEN,0,0,7,0,0,0,0,0,0,0,STL,0,0,8,0,0,0,0,0,0,0,ARI,0,0,9,16,58,0,5,4,38,0,CIN,9.6,1,10,0,0,0,0,0,0,0,PIT,0,0,11,12,37,0,11,8,40,0,bye,7.7,1,12,15,51,0,5,5,35,0,BAL,8.6,1,13,13,36,1,6,5,50,0,CIN,14.6,1,14,11,43,0,3,2,8,0,SF,5.1,1,15,9,38,0,2,1,4,0,SEA,4.2,1,16,0,0,0,0,0,0,0,KC,0,0,17,0,0,0,0,0,0,0,PIT,0,0,Season,78,273,1,34,27,176,0,50.9,9
Spencer Ware,KC,1,0,0,0,0,0,0,0,HOU,0,0,2,0,0,0,0,0,0,0,DEN,0,0,3,0,0,0,0,0,0,0,GB,0,0,4,0,0,0,0,0,0,0,CIN,0,0,5,0,0,0,0,0,0,0,CHI,0,0,6,0,0,0,0,0,0,0,MIN,0,0,7,2,8,0,0,0,0,0,PIT,0.8,1,8,2,12,1,0,0,0,0,DET,7.2,1,9,0,0,0,0,0,0,0,bye,0,0,10,2,4,0,0,0,0,0,DEN,0.4,1,11,11,96,2,1,1,5,0,SD,22.1,1,12,19,114,1,3,3,1,0,BUF,17.5,1,13,7,26,1,2,2,-1,0,OAK,8.5,1,14,8,52,0,0,0,0,0,SD,5.2,1,15,0,0,0,0,0,0,0,BAL,0,0,16,5,15,0,0,0,0,0,CLE,1.5,1,17,16,76,1,0,0,0,0,OAK,13.6,1,Season,72,403,6,6,6,5,0,76.8,9
Stepfan Taylor,ARI,1,0,0,0,0,0,0,0,NO,0,0,2,0,0,0,0,0,0,0,CHI,0,0,3,4,6,0,0,0,0,0,SF,0.6,1,4,0,0,0,0,0,0,0,STL,0,0,5,4,19,0,1,0,0,0,DET,1.9,1,6,0,0,0,0,0,0,0,PIT,0,0,7,0,0,0,0,0,0,0,BAL,0,0,8,0,0,0,0,0,0,0,CLE,0,0,9,0,0,0,0,0,0,0,bye,0,0,10,0,0,0,0,0,0,0,SEA,0,0,11,0,0,0,0,0,0,0,CIN,0,0,12,1,2,0,0,0,0,0,SF,0.2,1,13,5,20,0,1,0,0,0,STL,2,1,14,1,0,0,1,1,4,0,MIN,0.4,1,15,2,11,0,0,0,0,0,PHI,1.1,1,16,0,0,0,0,0,0,0,GB,0,0,17,0,0,0,0,0,0,0,SEA,0,0,Season,17,58,0,3,1,4,0,6.2,6
Stevan Ridley,NYJ,1,0,0,0,0,0,0,0,CLE,0,0,2,0,0,0,0,0,0,0,IND,0,0,3,0,0,0,0,0,0,0,PHI,0,0,4,0,0,0,0,0,0,0,MIA,0,0,5,0,0,0,0,0,0,0,bye,0,0,6,0,0,0,0,0,0,0,WAS,0,0,7,0,0,0,0,0,0,0,NE,0,0,8,0,0,0,0,0,0,0,OAK,0,0,9,0,0,0,0,0,0,0,JAC,0,0,10,3,-1,0,0,0,0,0,BUF,-0.1,1,11,4,0,0,1,1,-5,0,HOU,-0.5,1,12,2,1,0,0,0,0,0,MIA,0.1,1,13,3,4,0,0,0,0,0,NYG,0.4,1,14,6,23,0,0,0,0,0,TEN,2.3,1,15,2,-2,0,2,1,3,0,DAL,0.1,1,16,7,36,0,0,0,0,0,NE,3.6,1,17,9,29,0,2,2,0,0,BUF,2.9,1,Season,36,90,0,5,4,-2,0,8.8,8
Steven Jackson,NE,1,0,0,0,0,0,0,0,PIT,0,0,2,0,0,0,0,0,0,0,BUF,0,0,3,0,0,0,0,0,0,0,JAC,0,0,4,0,0,0,0,0,0,0,bye,0,0,5,0,0,0,0,0,0,0,DAL,0,0,6,0,0,0,0,0,0,0,IND,0,0,7,0,0,0,0,0,0,0,NYJ,0,0,8,0,0,0,0,0,0,0,MIA,0,0,9,0,0,0,0,0,0,0,WAS,0,0,10,0,0,0,0,0,0,0,NYG,0,0,11,0,0,0,0,0,0,0,BUF,0,0,12,0,0,0,0,0,0,0,DEN,0,0,13,0,0,0,0,0,0,0,PHI,0,0,14,0,0,0,0,0,0,0,HOU,0,0,15,0,0,0,0,0,0,0,TEN,0,0,16,7,15,0,0,0,0,0,NYJ,1.5,1,17,14,35,1,1,1,20,0,MIA,11.5,1,Season,21,50,1,1,1,20,0,13,2
T.J. Yeldon,JAC,1,12,51,0,4,3,16,0,CAR,6.7,1,2,25,70,0,4,3,13,0,MIA,8.3,1,3,11,33,0,3,2,9,0,NE,4.2,1,4,22,105,0,3,2,4,0,IND,10.9,1,5,11,32,0,6,5,31,1,TB,12.3,1,6,0,0,0,0,0,0,0,HOU,0,0,7,20,115,1,3,1,9,0,BUF,18.4,1,8,0,0,0,0,0,0,0,bye,0,0,9,14,64,0,3,3,37,0,NYJ,10.1,1,10,18,61,0,6,5,6,0,BAL,6.7,1,11,14,54,0,4,3,28,0,TEN,8.2,1,12,9,36,0,5,4,46,0,SD,8.2,1,13,15,57,1,4,4,79,0,TEN,19.6,1,14,11,62,0,1,1,1,0,IND,6.3,1,15,0,0,0,0,0,0,0,ATL,0,0,16,0,0,0,0,0,0,0,NO,0,0,17,0,0,0,0,0,0,0,HOU,0,0,Season,182,740,2,46,36,279,1,119.9,12
Taiwan Jones,OAK,1,3,5,0,1,1,13,0,CIN,1.8,1,2,2,9,0,1,1,6,0,BAL,1.5,1,3,2,16,0,0,0,0,0,CLE,1.6,1,4,0,0,0,0,0,0,0,CHI,0,0,5,0,0,0,0,0,0,0,DEN,0,0,6,0,0,0,0,0,0,0,bye,0,0,7,3,35,0,3,2,17,0,SD,5.2,1,8,2,5,0,1,1,59,1,NYJ,12.4,1,9,2,0,0,1,1,6,0,PIT,0.6,1,10,0,0,0,0,0,0,0,MIN,0,0,11,0,0,0,0,0,0,0,DET,0,0,12,0,0,0,0,0,0,0,TEN,0,0,13,0,0,0,0,0,0,0,KC,0,0,14,1,2,0,0,0,0,0,DEN,0.2,1,15,0,0,0,0,0,0,0,GB,0,0,16,0,0,0,2,1,5,0,SD,0.5,1,17,0,0,0,0,0,0,0,KC,0,0,Season,15,72,0,9,7,106,1,23.8,8
Terrance West,TEN,1,13,41,0,0,0,0,0,TB,4.1,1,2,3,10,0,0,0,0,0,CLE,1,1,3,0,0,0,0,0,0,0,IND,0,0,4,0,0,0,0,0,0,0,bye,0,0,5,0,0,0,0,0,0,0,BUF,0,0,6,0,0,0,0,0,0,0,MIA,0,0,7,0,0,0,0,0,0,0,ATL,0,0,8,0,0,0,0,0,0,0,HOU,0,0,9,0,0,0,0,0,0,0,NO,0,0,10,0,0,0,0,0,0,0,CAR,0,0,11,0,0,0,0,0,0,0,JAC,0,0,12,7,37,0,0,0,0,0,OAK,3.7,1,13,8,31,0,1,1,5,0,JAC,3.6,1,14,5,16,0,0,0,0,0,NYJ,1.6,1,15,7,35,0,2,2,11,0,NE,4.6,1,16,13,42,0,0,0,0,0,HOU,4.2,1,17,5,17,0,2,1,5,0,IND,2.2,1,Season,61,229,0,5,4,21,0,25,8
Terrence Magee,BAL,1,0,0,0,0,0,0,0,DEN,0,0,2,0,0,0,0,0,0,0,OAK,0,0,3,0,0,0,0,0,0,0,CIN,0,0,4,0,0,0,0,0,0,0,PIT,0,0,5,0,0,0,0,0,0,0,CLE,0,0,6,0,0,0,0,0,0,0,SF,0,0,7,0,0,0,0,0,0,0,ARI,0,0,8,0,0,0,0,0,0,0,SD,0,0,9,0,0,0,0,0,0,0,bye,0,0,10,0,0,0,0,0,0,0,JAC,0,0,11,0,0,0,0,0,0,0,STL,0,0,12,0,0,0,0,0,0,0,CLE,0,0,13,0,0,0,0,0,0,0,MIA,0,0,14,0,0,0,0,0,0,0,SEA,0,0,15,2,5,0,1,1,2,0,KC,0.7,1,16,0,0,0,0,0,0,0,PIT,0,0,17,0,0,0,0,0,0,0,CIN,0,0,Season,2,5,0,1,1,2,0,0.7,1
Terron Ward,ATL,1,0,0,0,0,0,0,0,PHI,0,0,2,0,0,0,1,1,9,0,NYG,0.9,1,3,0,0,0,0,0,0,0,DAL,0,0,4,19,72,1,1,1,18,0,HOU,15,1,5,0,0,0,2,0,0,0,WAS,0,1,6,0,0,0,1,1,7,0,NO,0.7,1,7,0,0,0,1,1,7,0,TEN,0.7,1,8,0,0,0,1,1,8,0,TB,0.8,1,9,0,0,0,0,0,0,0,SF,0,0,10,0,0,0,0,0,0,0,bye,0,0,11,2,2,0,4,3,16,0,IND,1.8,1,12,5,7,0,2,1,8,0,MIN,1.5,1,13,0,0,0,0,0,0,0,TB,0,0,14,0,0,0,0,0,0,0,CAR,0,0,15,0,0,0,0,0,0,0,JAC,0,0,16,2,3,0,0,0,0,0,CAR,0.3,1,17,1,11,0,0,0,0,0,NO,1.1,1,Season,29,95,1,13,9,73,0,22.8,10
Tevin Coleman,ATL,1,20,80,0,0,0,0,0,PHI,8,1,2,9,32,1,1,0,0,0,NYG,9.2,1,3,0,0,0,0,0,0,0,DAL,0,0,4,0,0,0,0,0,0,0,HOU,0,0,5,2,3,0,0,0,0,0,WAS,0.3,1,6,4,40,0,0,0,0,0,NO,4,1,7,3,14,0,1,0,0,0,TEN,1.4,1,8,3,11,0,1,1,10,0,TB,2.1,1,9,1,3,0,0,0,0,0,SF,0.3,1,10,0,0,0,0,0,0,0,bye,0,0,11,17,48,0,2,0,0,0,IND,4.8,1,12,18,110,0,2,0,0,0,MIN,11,1,13,3,13,0,1,1,4,0,TB,1.7,1,14,3,15,0,1,0,0,0,CAR,1.5,1,15,4,23,0,0,0,0,0,JAC,2.3,1,16,0,0,0,0,0,0,0,CAR,0,0,17,0,0,0,0,0,0,0,NO,0,0,Season,87,392,1,9,2,14,0,46.6,12
Theo Riddick,DET,1,0,0,0,2,2,37,1,SD,9.7,1,2,1,5,0,6,5,41,0,MIN,4.6,1,3,0,0,0,10,8,66,0,DEN,6.6,1,4,1,5,0,5,5,31,0,SEA,3.6,1,5,0,0,0,13,10,53,1,ARI,11.3,1,6,7,28,0,6,3,50,0,CHI,7.8,1,7,3,8,0,4,3,40,0,MIN,4.8,1,8,5,17,0,7,6,30,0,KC,4.7,1,9,0,0,0,0,0,0,0,bye,0,0,10,3,1,0,3,3,25,0,GB,2.6,1,11,6,14,0,6,5,72,0,OAK,8.6,1,12,2,6,0,5,5,62,1,PHI,12.8,1,13,1,4,0,6,5,27,0,GB,3.1,1,14,3,18,0,11,7,44,0,STL,6.2,1,15,2,3,0,2,2,27,0,NO,3,1,16,7,20,0,8,7,63,0,SF,8.3,1,17,2,4,0,5,4,29,0,CHI,3.3,1,Season,43,133,0,99,80,697,3,101,16
Thomas Rawls,SEA,1,2,5,0,0,0,0,0,STL,0.5,1,2,0,0,0,0,0,0,0,GB,0,0,3,16,104,0,1,0,0,0,CHI,10.4,1,4,17,48,0,1,1,-1,0,DET,4.7,1,5,23,169,1,0,0,0,0,CIN,22.9,1,6,1,8,0,0,0,0,0,CAR,0.8,1,7,6,32,0,2,2,9,0,SF,4.1,1,8,4,10,0,0,0,0,0,DAL,1,1,9,0,0,0,0,0,0,0,bye,0,0,10,2,19,0,0,0,0,0,ARI,1.9,1,11,30,209,1,3,3,46,1,SF,37.5,1,12,21,81,1,1,0,0,0,PIT,14.1,1,13,19,101,1,3,3,22,0,MIN,18.3,1,14,6,44,0,0,0,0,0,BAL,4.4,1,15,0,0,0,0,0,0,0,CLE,0,0,16,0,0,0,0,0,0,0,STL,0,0,17,0,0,0,0,0,0,0,ARI,0,0,Season,147,830,4,11,9,76,1,120.6,12
Tim Hightower,NO,1,0,0,0,0,0,0,0,ARI,0,0,2,0,0,0,0,0,0,0,TB,0,0,3,0,0,0,0,0,0,0,CAR,0,0,4,0,0,0,0,0,0,0,DAL,0,0,5,0,0,0,0,0,0,0,PHI,0,0,6,0,0,0,0,0,0,0,ATL,0,0,7,0,0,0,0,0,0,0,IND,0,0,8,0,0,0,0,0,0,0,NYG,0,0,9,0,0,0,0,0,0,0,TEN,0,0,10,11,46,0,0,0,0,0,WAS,4.6,1,11,0,0,0,0,0,0,0,bye,0,0,12,0,0,0,0,0,0,0,HOU,0,0,13,1,2,0,0,0,0,0,CAR,0.2,1,14,28,85,1,1,1,10,0,TB,15.5,1,15,13,54,0,4,3,31,0,DET,8.5,1,16,27,122,2,3,3,47,0,JAC,28.9,1,17,16,66,1,5,5,41,0,ATL,16.7,1,Season,96,375,4,13,12,129,0,74.4,6
Toby Gerhart,JAC,1,0,0,0,0,0,0,0,CAR,0,0,2,0,0,0,0,0,0,0,MIA,0,0,3,3,10,0,0,0,0,0,NE,1,1,4,1,-2,0,0,0,0,0,IND,-0.2,1,5,1,2,0,1,0,0,0,TB,0.2,1,6,9,26,0,4,3,23,0,HOU,4.9,1,7,6,8,0,0,0,0,0,BUF,0.8,1,8,0,0,0,0,0,0,0,bye,0,0,9,0,0,0,0,0,0,0,NYJ,0,0,10,0,0,0,0,0,0,0,BAL,0,0,11,0,0,0,0,0,0,0,TEN,0,0,12,0,0,0,0,0,0,0,SD,0,0,13,0,0,0,0,0,0,0,TEN,0,0,14,0,0,0,0,0,0,0,IND,0,0,15,0,0,0,0,0,0,0,ATL,0,0,16,0,0,0,0,0,0,0,NO,0,0,17,0,0,0,0,0,0,0,HOU,0,0,Season,20,44,0,5,3,23,0,6.7,5
Todd Gurley,STL,1,0,0,0,0,0,0,0,SEA,0,0,2,0,0,0,0,0,0,0,WAS,0,0,3,6,9,0,1,1,5,0,PIT,1.4,1,4,19,146,0,2,2,15,0,ARI,16.1,1,5,30,159,0,0,0,0,0,GB,15.9,1,6,0,0,0,0,0,0,0,bye,0,0,7,19,128,2,5,4,35,0,CLE,28.3,1,8,20,133,1,3,3,13,0,SF,20.6,1,9,24,89,1,5,3,20,0,MIN,16.9,1,10,12,45,1,3,3,44,0,CHI,14.9,1,11,25,66,1,0,0,0,0,BAL,12.6,1,12,9,19,0,2,1,11,0,CIN,3,1,13,9,41,0,0,0,0,0,ARI,4.1,1,14,16,140,2,2,1,7,0,DET,26.7,1,15,21,48,1,2,2,31,0,TB,13.9,1,16,19,85,1,1,1,7,0,SEA,15.2,1,17,0,0,0,0,0,0,0,SF,0,0,Season,229,1108,10,26,21,188,0,189.6,13
Tommy Bohanon,NYJ,1,2,2,0,0,0,0,0,CLE,0.2,1,2,0,0,0,0,0,0,0,IND,0,0,3,0,0,0,0,0,0,0,PHI,0,0,4,0,0,0,0,0,0,0,MIA,0,0,5,0,0,0,0,0,0,0,bye,0,0,6,0,0,0,0,0,0,0,WAS,0,0,7,0,0,0,4,2,36,0,NE,3.6,1,8,0,0,0,0,0,0,0,OAK,0,0,9,0,0,0,0,0,0,0,JAC,0,0,10,0,0,0,1,1,18,0,BUF,1.8,1,11,0,0,0,0,0,0,0,HOU,0,0,12,0,0,0,1,0,0,0,MIA,0,1,13,0,0,0,0,0,0,0,NYG,0,0,14,0,0,0,2,1,2,0,TEN,0.2,1,15,0,0,0,0,0,0,0,DAL,0,0,16,0,0,0,0,0,0,0,NE,0,0,17,0,0,0,0,0,0,0,BUF,0,0,Season,2,2,0,8,4,56,0,5.8,5
Travaris Cadet,NE,1,0,0,0,0,0,0,0,PIT,0,0,2,0,0,0,1,1,2,0,BUF,0.2,1,3,0,0,0,0,0,0,0,JAC,0,0,4,0,0,0,0,0,0,0,bye,0,0,5,0,0,0,0,0,0,0,DAL,0,0,6,0,0,0,0,0,0,0,IND,0,0,7,0,0,0,0,0,0,0,NYJ,0,0,8,0,0,0,0,0,0,0,MIA,0,0,9,0,0,0,0,0,0,0,WAS,0,0,10,0,0,0,0,0,0,0,NYG,0,0,11,0,0,0,0,0,0,0,BUF,0,0,12,0,0,0,0,0,0,0,DEN,0,0,13,3,6,0,2,1,6,0,PHI,1.2,1,14,2,6,0,2,2,28,0,HOU,3.4,1,15,2,4,0,6,4,32,0,TEN,3.6,1,16,1,6,0,5,3,69,1,NYJ,13.5,1,17,3,6,0,6,6,77,0,MIA,8.3,1,Season,11,28,0,22,17,214,1,30.2,6
Tre Mason,STL,1,0,0,0,0,0,0,0,SEA,0,0,2,7,26,0,5,2,4,0,WAS,3,1,3,9,16,0,1,1,15,0,PIT,3.1,1,4,2,-1,0,0,0,0,0,ARI,-0.1,1,5,2,8,0,0,0,0,0,GB,0.8,1,6,0,0,0,0,0,0,0,bye,0,0,7,0,0,0,0,0,0,0,CLE,0,0,8,15,46,0,1,1,6,0,SF,5.2,1,9,3,3,0,1,1,-4,0,MIN,-0.1,1,10,6,31,0,1,1,16,0,CHI,4.7,1,11,0,0,0,0,0,0,0,BAL,0,0,12,1,-2,0,7,7,37,0,CIN,3.5,1,13,2,13,0,2,2,10,0,ARI,2.3,1,14,4,7,0,2,2,1,0,DET,0.8,1,15,3,13,0,0,0,0,0,TB,1.3,1,16,3,3,0,1,1,3,0,SEA,0.6,1,17,18,44,1,0,0,0,0,SF,10.4,1,Season,75,207,1,21,18,88,0,35.5,13
Trey Williams,IND,1,0,0,0,0,0,0,0,BUF,0,0,2,0,0,0,0,0,0,0,NYJ,0,0,3,0,0,0,0,0,0,0,TEN,0,0,4,0,0,0,0,0,0,0,JAC,0,0,5,0,0,0,0,0,0,0,HOU,0,0,6,0,0,0,0,0,0,0,NE,0,0,7,0,0,0,0,0,0,0,NO,0,0,8,0,0,0,0,0,0,0,CAR,0,0,9,0,0,0,0,0,0,0,DEN,0,0,10,0,0,0,0,0,0,0,bye,0,0,11,0,0,0,0,0,0,0,ATL,0,0,12,0,0,0,0,0,0,0,TB,0,0,13,0,0,0,0,0,0,0,PIT,0,0,14,0,0,0,0,0,0,0,JAC,0,0,15,0,0,0,0,0,0,0,HOU,0,0,16,0,0,0,0,0,0,0,MIA,0,0,17,2,12,0,0,0,0,0,TEN,1.2,1,Season,2,12,0,0,0,0,0,1.2,1
Ty Montgomery,GB,1,0,0,0,0,0,0,0,CHI,0,0,2,0,0,0,4,4,37,0,SEA,3.7,1,3,0,0,0,2,2,14,1,KC,7.4,1,4,2,10,0,6,3,15,0,SF,2.5,1,5,0,0,0,5,4,59,1,STL,11.9,1,6,1,4,0,2,2,11,0,SD,1.5,1,7,0,0,0,0,0,0,0,bye,0,0,8,0,0,0,0,0,0,0,DEN,0,0,9,0,0,0,0,0,0,0,CAR,0,0,10,0,0,0,0,0,0,0,DET,0,0,11,0,0,0,0,0,0,0,MIN,0,0,12,0,0,0,0,0,0,0,CHI,0,0,13,0,0,0,0,0,0,0,DET,0,0,14,0,0,0,0,0,0,0,DAL,0,0,15,0,0,0,0,0,0,0,OAK,0,0,16,0,0,0,0,0,0,0,ARI,0,0,17,0,0,0,0,0,0,0,MIN,0,0,Season,3,14,0,19,15,136,2,27,5
Tyler Clutts,DAL,1,0,0,0,0,0,0,0,NYG,0,0,2,0,0,0,0,0,0,0,PHI,0,0,3,0,0,0,0,0,0,0,ATL,0,0,4,0,0,0,1,1,4,0,NO,0.4,1,5,0,0,0,0,0,0,0,NE,0,0,6,0,0,0,0,0,0,0,bye,0,0,7,0,0,0,0,0,0,0,NYG,0,0,8,0,0,0,0,0,0,0,SEA,0,0,9,0,0,0,0,0,0,0,PHI,0,0,10,0,0,0,0,0,0,0,TB,0,0,11,0,0,0,0,0,0,0,MIA,0,0,12,0,0,0,0,0,0,0,CAR,0,0,13,0,0,0,0,0,0,0,WAS,0,0,14,0,0,0,0,0,0,0,GB,0,0,15,0,0,0,0,0,0,0,NYJ,0,0,16,0,0,0,0,0,0,0,BUF,0,0,17,0,0,0,0,0,0,0,WAS,0,0,Season,0,0,0,1,1,4,0,0.4,1
Tyler Varga,IND,1,1,2,0,1,1,18,0,BUF,2,1,2,0,0,0,0,0,0,0,NYJ,0,0,3,0,0,0,0,0,0,0,TEN,0,0,4,0,0,0,0,0,0,0,JAC,0,0,5,0,0,0,0,0,0,0,HOU,0,0,6,0,0,0,0,0,0,0,NE,0,0,7,0,0,0,0,0,0,0,NO,0,0,8,0,0,0,0,0,0,0,CAR,0,0,9,0,0,0,0,0,0,0,DEN,0,0,10,0,0,0,0,0,0,0,bye,0,0,11,0,0,0,0,0,0,0,ATL,0,0,12,0,0,0,0,0,0,0,TB,0,0,13,0,0,0,0,0,0,0,PIT,0,0,14,0,0,0,0,0,0,0,JAC,0,0,15,0,0,0,0,0,0,0,HOU,0,0,16,0,0,0,0,0,0,0,MIA,0,0,17,0,0,0,0,0,0,0,TEN,0,0,Season,1,2,0,1,1,18,0,2,1
Will Johnson,PIT,1,4,7,1,0,0,0,0,NE,6.7,1,2,0,0,0,0,0,0,0,SF,0,0,3,0,0,0,0,0,0,0,STL,0,0,4,0,0,0,0,0,0,0,BAL,0,0,5,0,0,0,0,0,0,0,SD,0,0,6,0,0,0,0,0,0,0,ARI,0,0,7,0,0,0,0,0,0,0,KC,0,0,8,0,0,0,1,0,0,0,CIN,0,1,9,0,0,0,0,0,0,0,OAK,0,0,10,0,0,0,0,0,0,0,CLE,0,0,11,0,0,0,0,0,0,0,bye,0,0,12,0,0,0,2,2,16,0,SEA,1.6,1,13,0,0,0,0,0,0,0,IND,0,0,14,0,0,0,0,0,0,0,CIN,0,0,15,0,0,0,0,0,0,0,DEN,0,0,16,0,0,0,1,0,0,0,BAL,0,1,17,0,0,0,0,0,0,0,CLE,0,0,Season,4,7,1,4,2,16,0,8.3,4
Will Tukuafu,SEA,1,0,0,0,0,0,0,0,STL,0,0,2,0,0,0,0,0,0,0,GB,0,0,3,0,0,0,0,0,0,0,CHI,0,0,4,0,0,0,0,0,0,0,DET,0,0,5,0,0,0,0,0,0,0,CIN,0,0,6,0,0,0,0,0,0,0,CAR,0,0,7,0,0,0,0,0,0,0,SF,0,0,8,0,0,0,0,0,0,0,DAL,0,0,9,0,0,0,0,0,0,0,bye,0,0,10,2,2,1,0,0,0,0,ARI,6.2,1,11,0,0,0,0,0,0,0,SF,0,0,12,0,0,0,0,0,0,0,PIT,0,0,13,1,4,0,0,0,0,0,MIN,0.4,1,14,0,0,0,0,0,0,0,BAL,0,0,15,0,0,0,0,0,0,0,CLE,0,0,16,1,-5,0,0,0,0,0,STL,-0.5,1,17,0,0,0,1,1,7,1,ARI,6.7,1,Season,4,1,1,1,1,7,1,12.8,4
Zac Stacy,NYJ,1,0,0,0,0,0,0,0,CLE,0,0,2,0,0,0,0,0,0,0,IND,0,0,3,2,3,0,2,2,-2,0,PHI,0.1,1,4,5,7,1,3,2,18,0,MIA,8.5,1,5,0,0,0,0,0,0,0,bye,0,0,6,13,46,0,2,2,15,0,WAS,6.1,1,7,7,19,0,1,1,11,0,NE,3,1,8,3,11,0,1,1,7,0,OAK,1.8,1,9,1,3,0,3,1,16,0,JAC,1.9,1,10,0,0,0,0,0,0,0,BUF,0,0,11,0,0,0,0,0,0,0,HOU,0,0,12,0,0,0,0,0,0,0,MIA,0,0,13,0,0,0,0,0,0,0,NYG,0,0,14,0,0,0,0,0,0,0,TEN,0,0,15,0,0,0,0,0,0,0,DAL,0,0,16,0,0,0,0,0,0,0,NE,0,0,17,0,0,0,0,0,0,0,BUF,0,0,Season,31,89,1,12,9,65,0,21.4,6
Zach Line,MIN,1,0,0,0,0,0,0,0,SF,0,0,2,1,1,1,0,0,0,0,DET,6.1,1,3,1,1,1,0,0,0,0,SD,6.1,1,4,0,0,0,1,0,0,0,DEN,0,1,5,0,0,0,0,0,0,0,bye,0,0,6,0,0,0,1,1,3,0,KC,0.3,1,7,2,2,0,1,1,49,0,DET,5.1,1,8,0,0,0,0,0,0,0,CHI,0,0,9,0,0,0,0,0,0,0,STL,0,0,10,0,0,0,0,0,0,0,OAK,0,0,11,0,0,0,1,1,7,0,GB,0.7,1,12,0,0,0,2,1,8,0,ATL,0.8,1,13,0,0,0,0,0,0,0,SEA,0,0,14,0,0,0,1,1,24,0,ARI,2.4,1,15,1,3,0,2,1,4,1,CHI,6.7,1,16,1,3,0,0,0,0,0,NYG,0.3,1,17,0,0,0,0,0,0,0,GB,0,0,Season,6,10,2,9,6,95,1,28.5,10
Zach Zenner,DET,1,2,6,0,0,0,0,0,SD,0.6,1,2,0,0,0,0,0,0,0,MIN,0,0,3,0,0,0,0,0,0,0,DEN,0,0,4,2,9,0,1,1,4,0,SEA,1.3,1,5,10,30,0,2,1,7,0,ARI,3.7,1,6,3,15,0,0,0,0,0,CHI,1.5,1,7,0,0,0,0,0,0,0,MIN,0,0,8,0,0,0,0,0,0,0,KC,0,0,9,0,0,0,0,0,0,0,bye,0,0,10,0,0,0,0,0,0,0,GB,0,0,11,0,0,0,0,0,0,0,OAK,0,0,12,0,0,0,0,0,0,0,PHI,0,0,13,0,0,0,0,0,0,0,GB,0,0,14,0,0,0,0,0,0,0,STL,0,0,15,0,0,0,0,0,0,0,NO,0,0,16,0,0,0,0,0,0,0,SF,0,0,17,0,0,0,0,0,0,0,CHI,0,0,Season,17,60,0,3,2,11,0,7.1,4
Zurlon Tipton,IND,1,0,0,0,0,0,0,0,BUF,0,0,2,0,0,0,0,0,0,0,NYJ,0,0,3,0,0,0,0,0,0,0,TEN,0,0,4,0,0,0,0,0,0,0,JAC,0,0,5,2,9,0,1,0,0,0,HOU,0.9,1,6,0,0,0,0,0,0,0,NE,0,0,7,0,0,0,0,0,0,0,NO,0,0,8,0,0,0,0,0,0,0,CAR,0,0,9,0,0,0,0,0,0,0,DEN,0,0,10,0,0,0,0,0,0,0,bye,0,0,11,0,0,0,0,0,0,0,ATL,0,0,12,0,0,0,0,0,0,0,TB,0,0,13,1,0,0,2,1,7,0,PIT,0.7,1,14,1,7,0,5,4,50,0,JAC,5.7,1,15,1,4,0,0,0,0,0,HOU,0.4,1,16,0,0,0,0,0,0,0,MIA,0,0,17,0,0,0,0,0,0,0,TEN,0,0,Season,5,20,0,8,5,57,0,7.7,4